rule_type,old_url,new_url,entity_type,entity_id,notes
wp_map,http://mamago.local:3000/ivan-kupala-2025-ili-gde-otmetit-kupale-v-minske,http://mamago.local:3000/minsk/blog/ivan-kupala-2025-ili-gde-otmetit-kupale-v-minske,article,,wp map; 12535 clicks; auto
wp_map,http://mamago.local:3000/top-18-kafe-i-restoranov-s-detskoj-ploshhadkoj-ili-komnatoj,http://mamago.local:3000/minsk/blog/top-18-kafe-i-restoranov-s-detskoy-ploshchadkoy-ili-komnatoy,article,,wp map; 8807 clicks; auto
wp_map,http://mamago.local:3000/gde-otmetit-den-rozhdeniya-rebenka-10-krutyh-mest-v-gorode,http://mamago.local:3000/minsk/blog/gde-otmetit-den-rozhdeniya-rebenka-10-krutyh-mest-v-gorode,article,,wp map; 8355 clicks; auto
wp_map,http://mamago.local:3000/events,http://mamago.local:3000/minsk/events,event,,wp map; 8105 clicks; auto
wp_map,http://mamago.local:3000/lyubimye-plyazhi-i-otkrytye-basseyny-v-minske-i-nepodalyoku,http://mamago.local:3000/minsk/blog/lyubimye-plyazhi-i-otkrytye-basseyny-v-minske-i-nepodalyoku,article,,wp map; 6329 clicks; auto
wp_map,http://mamago.local:3000/master-klassy-dlya-detej,http://mamago.local:3000/minsk/events,event-category,,wp map; 6285 clicks; auto
wp_map,http://mamago.local:3000/events/festival-lidbeer-2025-lidbir,http://mamago.local:3000/minsk/events/festival-lidbeer-2025-lidbir,event,,wp map; 4587 clicks; auto
wp_map,http://mamago.local:3000/detskie-spektakli,http://mamago.local:3000/minsk/events,event-category,,wp map; 4552 clicks; auto
wp_map,http://mamago.local:3000/events/serija-koncertov-klassika-u-ratushi,http://mamago.local:3000/minsk/events/serija-koncertov-klassika-u-ratushi,event,,wp map; 4211 clicks; auto
wp_map,http://mamago.local:3000/gde-otmetit-den-rozhdeniya-rebenka-7,http://mamago.local:3000/minsk/blog/gde-otmetit-den-rozhdeniya-rebenka-7,article,,wp map; 4202 clicks; auto
wp_map,http://mamago.local:3000/10-parkov-dlya-aktivnogo-otdyha-i-razvlecheniy-v-minske,http://mamago.local:3000/minsk/blog/10-parkov-dlja-aktivnogo-otdyha-i-razvlechenij-v-minske,article,,wp map; 4167 clicks; auto
wp_map,http://mamago.local:3000/park-ugo-chavesa-samyy-bolshoy-skeyt-park-zamok-i-attrakciony,http://mamago.local:3000/minsk/blog/park-ugo-chavesa-samyy-bolshoy-skeyt-park-zamok-i-attrakciony,article,,wp map; 4040 clicks; auto
wp_map,http://mamago.local:3000/maslenicza-2026-v-minske-kuda-pojti-s-detmi-i-gde-otmetit-prazdnik,http://mamago.local:3000/minsk/blog/maslenicza-2026-v-minske-kuda-pojti-s-detmi-i-gde-otmetit-prazdnik,article,,wp map; 3683 clicks; auto
wp_map,http://mamago.local:3000/events/bolshaya-kosmicheskaya-vystavka-kosmopark,http://mamago.local:3000/minsk/events/bolshaya-kosmicheskaya-vystavka-kosmopark,event,,wp map; 3447 clicks; auto
wp_map,http://mamago.local:3000/novogodnie-fotozony-minska-40-fotozon-i-40-idey-pochemu-stoit-tuda-shodit,http://mamago.local:3000/minsk/blog/novogodnie-fotozony-minska-40-fotozon-i-40-idej-pochemu-stoit-tuda-shodit,article,,wp map; 3216 clicks; auto
wp_map,http://mamago.local:3000/mashiny-pomoshhniki-v-minske-otkrylsya-detskij-gorod-professij,http://mamago.local:3000/minsk/blog/mashiny-pomoshhniki-v-minske-otkrylsya-detskij-gorod-professij,article,,wp map; 2964 clicks; auto
wp_map,http://mamago.local:3000/events/teatralnaya-gostinaya-v-rakovskom-dvorike-sezon-2025,http://mamago.local:3000/minsk/events/teatralnaya-gostinaya-v-rakovskom-dvorike-sezon-2025,event,,wp map; 2930 clicks; auto
wp_map,http://mamago.local:3000/kuda-shodit-s-rebenkom-v-vyhodnye,http://mamago.local:3000/minsk/events,event-category,,wp map; 2653 clicks; auto
wp_map,http://mamago.local:3000/kuda-shodit-s-rebenkom-v-minske-v-den-zashhity-detej-1-iyunya,http://mamago.local:3000/minsk/blog/kuda-shodit-s-rebenkom-v-minske-v-den-zashhity-detej-1-iyunya,article,,wp map; 2451 clicks; auto
wp_map,http://mamago.local:3000/events/vechera-organnoj-muzyki-svjashhennaja-simfonija,http://mamago.local:3000/minsk/events/vechera-organnoj-muzyki-svjashhennaja-simfonija,event,,wp map; 2418 clicks; auto
wp_map,http://mamago.local:3000/events/den-goroda-minska-2025,http://mamago.local:3000/minsk/events/den-goroda-minska-2025,event,,wp map; 2362 clicks; auto
wp_map,http://mamago.local:3000/bassejny-minsk-i-ne-tolko-ili-akvazony-na-vse-sluchai-zhizni,http://mamago.local:3000/minsk/blog/bassejny-minsk-i-ne-tolko-ili-akvazony-na-vse-sluchai-zhizni,article,,wp map; 2110 clicks; auto
wp_map,http://mamago.local:3000/novyj-god-2026-ili-kuda-shodit-na-novogodnih-kanikulah-v-minske,http://mamago.local:3000/minsk/blog/novyj-god-2026-ili-kuda-shodit-na-novogodnih-kanikulah-v-minske,article,,wp map; 2092 clicks; auto
wp_map,http://mamago.local:3000/events/obshhegorodskie-meropriyatiya-k-novomu-2025-godu-v-minske,http://mamago.local:3000/minsk/events/obshhegorodskie-meropriyatiya-k-novomu-2025-godu-v-minske,event,,wp map; 1905 clicks; auto
wp_map,http://mamago.local:3000/events/detskaja-zheleznaja-doroga-raspisanie,http://mamago.local:3000/minsk/events/detskaja-zheleznaja-doroga-raspisanie,event,,wp map; 1497 clicks; auto
wp_map,http://mamago.local:3000/lyubimye-mesta-v-grodno-i-v-okrestnostyah-na-mashine-ili-avtodome,http://mamago.local:3000/minsk/blog/lyubimye-mesta-v-grodno-i-v-okrestnostyah-na-mashine-ili-avtodome,article,,wp map; 1114 clicks; auto
wp_map,http://mamago.local:3000/events/9-maya-v-minske,http://mamago.local:3000/minsk/events/9-maya-v-minske,event,,wp map; 1039 clicks; auto
wp_map,http://mamago.local:3000/kuda-shodit-14-go-fevralya-raznym-tipam-parochek,http://mamago.local:3000/minsk/blog/kuda-shodit-14-go-fevralya-raznym-tipam-parochek,article,,wp map; 1033 clicks; auto
wp_map,http://mamago.local:3000/events/vystavka-paukov-i-reptilij-instinkt-hishhnika,http://mamago.local:3000/minsk/events/vystavka-paukov-i-reptilij-instinkt-hishhnika,event,,wp map; 1028 clicks; auto
wp_map,http://mamago.local:3000/detskie-mesta/detskij-den-rozhdenija,http://mamago.local:3000/minsk/birthday,place-category,,wp map; 993 clicks; auto
wp_map,http://mamago.local:3000/events/festival-viva-braslav-2025,http://mamago.local:3000/minsk/events/festival-viva-braslav-2025,event,,wp map; 955 clicks; auto
wp_map,http://mamago.local:3000/events/teatralnyj-dvorik-afisha-na-ijun,http://mamago.local:3000/minsk/events/teatralnyj-dvorik-afisha-na-ijun,event,,wp map; 934 clicks; auto
wp_map,http://mamago.local:3000/events/cikl-koncertov-v-aleksandrovskom-skvere,http://mamago.local:3000/minsk/events/cikl-koncertov-v-aleksandrovskom-skvere,event,,wp map; 931 clicks; auto
wp_map,http://mamago.local:3000/events/exhibitions-and-museums/vystavka-dva-veka-mody-v-hudozhestvennom,http://mamago.local:3000/minsk/events/vystavka-dva-veka-mody-v-hudozhestvennom,event,,wp map; 914 clicks; auto
wp_map,http://mamago.local:3000/events/joga-v-stile-fysm-na-stadione-dinamo,http://mamago.local:3000/minsk/events/joga-v-stile-fysm-na-stadione-dinamo,event,,wp map; 909 clicks; auto
wp_map,http://mamago.local:3000/kruzhki-i-sekczii-dlya-detej-v-minske,http://mamago.local:3000/minsk/blog/kruzhki-i-sekczii-dlya-detej-v-minske,article,,wp map; 836 clicks; auto
wp_map,http://mamago.local:3000/events/3-iyulya-den-nezavisimosti,http://mamago.local:3000/minsk/events/3-iyulya-den-nezavisimosti,event,,wp map; 810 clicks; auto
wp_map,http://mamago.local:3000/detskiy-den-rozhdeniya-na-prirode,http://mamago.local:3000/blog/detskiy-den-rozhdeniya-na-prirode,article,,wp map; 804 clicks; auto
wp_map,http://mamago.local:3000/events/kinopokazy-pod-otkrytym-nebom-v-lejksajd-parke,http://mamago.local:3000/minsk/events/kinopokazy-pod-otkrytym-nebom-v-lejksajd-parke,event,,wp map; 801 clicks; auto
wp_map,http://mamago.local:3000/places,http://mamago.local:3000/minsk,place,,wp map; 790 clicks; auto
wp_map,http://mamago.local:3000/events/czikl-konczertov-v-aleksandrovskom-skvere,http://mamago.local:3000/minsk/events/czikl-konczertov-v-aleksandrovskom-skvere,event,,wp map; 790 clicks; auto
wp_map,http://mamago.local:3000/events/holydays/maslenicza-v-lejksajd-parke,http://mamago.local:3000/minsk/events/maslenicza-v-lejksajd-parke,event,,wp map; 760 clicks; auto
wp_map,http://mamago.local:3000/besedki-dlya-dnya-rozhdeniya-na-prirode,http://mamago.local:3000/minsk/blog/besedki-dlya-dnya-rozhdeniya-na-prirode,article,,wp map; 743 clicks; auto
wp_map,http://mamago.local:3000/kuda-otvesti-malchishek-otkrylas-pervaya-v-minske-ogromnaya-krytaya-pesochnica-so-spectehnikoy-mama-ya-sam,http://mamago.local:3000/minsk/blog/kuda-otvesti-malchishek-otkrylas-pervaya-v-minske-ogromnaya-krytaya-pesochnica-so-spectehnikoy-mama-ya-sam,article,,wp map; 726 clicks; auto
wp_map,http://mamago.local:3000/kuda-shodit-s-rebenkom-zavtra,http://mamago.local:3000/minsk/events,event-category,,wp map; 721 clicks; auto
wp_map,http://mamago.local:3000/akvapark-v-molodechno-i-vkusnjushhshhshhie-burgery,http://mamago.local:3000/minsk/blog/akvapark-v-molodechno-i-vkusnjushhshhshhie-burgery,article,,wp map; 719 clicks; auto
wp_map,http://mamago.local:3000/events/vishnevyj-festival-v-glubokom,http://mamago.local:3000/minsk/events/vishnevyj-festival-v-glubokom,event,,wp map; 676 clicks; auto
wp_map,http://mamago.local:3000/events/noch-pozhiratelej-reklamy-2025,http://mamago.local:3000/minsk/events/noch-pozhiratelej-reklamy-2025,event,,wp map; 631 clicks; auto
wp_map,http://mamago.local:3000/events/dzhazovyj-festival-let-s-jaz,http://mamago.local:3000/minsk/events/dzhazovyj-festival-let-s-jaz,event,,wp map; 628 clicks; auto
wp_map,http://mamago.local:3000/events/muzej-aviacii-i-kosmonavtiki-torzhestvennoe-otkrytie,http://mamago.local:3000/minsk/events/muzej-aviacii-i-kosmonavtiki-torzhestvennoe-otkrytie,event,,wp map; 612 clicks; auto
wp_map,http://mamago.local:3000/kak-otmetit-detskij-den-rozhdeniya-10-idej-dlya-neobychnogo-prazdnika,http://mamago.local:3000/minsk/blog/kak-otmetit-detskij-den-rozhdeniya-10-idej-dlya-neobychnogo-prazdnika,article,,wp map; 582 clicks; auto
wp_map,http://mamago.local:3000/events/9-maya-na-memorialnom-komplekse-kurgan-slavy,http://mamago.local:3000/minsk/events/9-maya-na-memorialnom-komplekse-kurgan-slavy,event,,wp map; 559 clicks; auto
wp_map,http://mamago.local:3000/events/teatralnaya-gostinaya-v-loshiczkom-usadebno-parkovom-komplekse,http://mamago.local:3000/minsk/events/teatralnaya-gostinaya-v-loshiczkom-usadebno-parkovom-komplekse,event,,wp map; 554 clicks; auto
wp_map,http://mamago.local:3000/chem-zanjat-podrostka-10-sovmestnyh-dnej-letom-v-minske,http://mamago.local:3000/minsk/blog/chem-zanjat-podrostka-10-sovmestnyh-dnej-letom-v-minske,article,,wp map; 543 clicks; auto
wp_map,http://mamago.local:3000/events/osennij-salon-s-belgazprombankom-2025,http://mamago.local:3000/minsk/events/osennij-salon-s-belgazprombankom-2025,event,,wp map; 542 clicks; auto
wp_map,http://mamago.local:3000/leto-2026-zagorodnyy-i-gorodskoy-otdyh-dlya-detey,http://mamago.local:3000/minsk/blog/leto-2026-zagorodnyy-i-gorodskoy-otdyh-dlya-detey,article,,wp map; 537 clicks; auto
wp_map,http://mamago.local:3000/gde-ostavit-rebenka-s-nyaney,http://mamago.local:3000/minsk/blog/gde-ostavit-rebenka-s-nyaney,article,,wp map; 523 clicks; auto
wp_map,http://mamago.local:3000/events/kinopokazy-na-kryshe-evo-wellness-club,http://mamago.local:3000/minsk/events/kinopokazy-na-kryshe-evo-wellness-club,event,,wp map; 501 clicks; auto
wp_map,http://mamago.local:3000/events/czirk-shapito-13-metrov,http://mamago.local:3000/minsk/events/czirk-shapito-13-metrov,event,,wp map; 477 clicks; auto
wp_map,http://mamago.local:3000/kosmos-novyy-park-i-zona-otdyha-mezhdu-sportivnoy-i-kuncevshchinoy,http://mamago.local:3000/minsk/blog/kosmos-novyy-park-i-zona-otdyha-mezhdu-sportivnoy-i-kuncevshchinoy,article,,wp map; 463 clicks; auto
wp_map,http://mamago.local:3000/ekotropy,http://mamago.local:3000/minsk/blog/ekotropy,article,,wp map; 456 clicks; auto
wp_map,http://mamago.local:3000/leto-2025-zagorodnyy-i-gorodskoy-otdyh-dlya-detey,http://mamago.local:3000/minsk/blog/leto-2025-zagorodnyy-i-gorodskoy-otdyh-dlya-detey,article,,wp map; 432 clicks; auto
wp_map,http://mamago.local:3000/sportivnye-kruzhki-i-sekcii-dlya-detey-v-minske,http://mamago.local:3000/minsk/blog/sportivnye-kruzhki-i-sekcii-dlja-detej-v-minske,article,,wp map; 394 clicks; auto
wp_map,http://mamago.local:3000/events/bolshaya-bard-rybalka-2025,http://mamago.local:3000/minsk/events/bolshaya-bard-rybalka-2025,event,,wp map; 390 clicks; auto
wp_map,http://mamago.local:3000/fitnes-s-detmi-v-minske,http://mamago.local:3000/minsk/blog/fitnes-s-detmi-v-minske,article,,wp map; 384 clicks; auto
wp_map,http://mamago.local:3000/pranki-na-1-aprelya,http://mamago.local:3000/minsk/blog/pranki-na-1-aprelya,article,,wp map; 378 clicks; auto
wp_map,http://mamago.local:3000/events/prazdnik-den-stroitelja-v-mikashevichah,http://mamago.local:3000/minsk/events/prazdnik-den-stroitelja-v-mikashevichah,event,,wp map; 350 clicks; auto
wp_map,http://mamago.local:3000/detskie-mesta/detskie-igrovye-komnaty,http://mamago.local:3000/minsk,place-category,,wp map; 349 clicks; auto
wp_map,http://mamago.local:3000/normalno-nerealno-kuda-poyti-za-novymi-oshchushcheniyami-v-minske,http://mamago.local:3000/minsk/blog/normalno-nerealno-kuda-poyti-za-novymi-oshchushcheniyami-v-minske,article,,wp map; 342 clicks; auto
wp_map,http://mamago.local:3000/events/den-otkrytyh-dverej-na-belaze,http://mamago.local:3000/minsk/events/den-otkrytyh-dverej-na-belaze,event,,wp map; 342 clicks; auto
wp_map,http://mamago.local:3000/events/novogodnij-ekspress-ot-detskoj-zheleznoj-dorogi,http://mamago.local:3000/minsk/events/novogodnij-ekspress-ot-detskoj-zheleznoj-dorogi,event,,wp map; 324 clicks; auto
wp_map,http://mamago.local:3000/breakingnews/novyj-restoran-arkadiya-novikova-v-minske-sorrento,http://mamago.local:3000/blog/novyj-restoran-arkadiya-novikova-v-minske-sorrento,breakingnews,,wp map; 320 clicks; auto
wp_map,http://mamago.local:3000/events/festival-jelektronnoj-muzyki-fuji-showcase,http://mamago.local:3000/minsk/events/festival-jelektronnoj-muzyki-fuji-showcase,event,,wp map; 318 clicks; auto
wp_map,http://mamago.local:3000/events/den-rozhdeniya-gippo-v-loshiczkom-parke-20-let,http://mamago.local:3000/minsk/events/den-rozhdeniya-gippo-v-loshiczkom-parke-20-let,event,,wp map; 316 clicks; auto
wp_map,http://mamago.local:3000/events/kinovechera-na-letnej-terrase-kofejni-pri-hrame,http://mamago.local:3000/minsk/events/kinovechera-na-letnej-terrase-kofejni-pri-hrame,event,,wp map; 303 clicks; auto
wp_map,http://mamago.local:3000/events/peshehodnye-ekskursii-s-muzeem-istorii-g-minska,http://mamago.local:3000/minsk/events/peshehodnye-ekskursii-s-muzeem-istorii-g-minska,event,,wp map; 295 clicks; auto
wp_map,http://mamago.local:3000/events/kreva-fest-festival,http://mamago.local:3000/minsk/events/kreva-fest-festival,event,,wp map; 290 clicks; auto
wp_map,http://mamago.local:3000/events/besplatnye-jekskursii-po-gorodu-minsku,http://mamago.local:3000/minsk/events/besplatnye-jekskursii-po-gorodu-minsku,event,,wp map; 287 clicks; auto
wp_map,http://mamago.local:3000/events/prazdnik-posvyashhennyj-dnyu-zashhity-detej,http://mamago.local:3000/minsk/events/prazdnik-posvyashhennyj-dnyu-zashhity-detej,event,,wp map; 281 clicks; auto
wp_map,http://mamago.local:3000/events/vystavka-retro-avtomobilej-vintageday-vintazhdjej,http://mamago.local:3000/minsk/events/vystavka-retro-avtomobilej-vintageday-vintazhdjej,event,,wp map; 279 clicks; auto
wp_map,http://mamago.local:3000/events/holydays/maslenicza-v-logojske,http://mamago.local:3000/minsk/events/maslenicza-v-logojske,event,,wp map; 279 clicks; auto
wp_map,http://mamago.local:3000/events/festival-pets-fest,http://mamago.local:3000/minsk/events/festival-pets-fest,event,,wp map; 275 clicks; auto
wp_map,http://mamago.local:3000/events/vechernie-kinoprosmotry-na-plyazhe,http://mamago.local:3000/minsk/events/vechernie-kinoprosmotry-na-plyazhe,event,,wp map; 273 clicks; auto
wp_map,http://mamago.local:3000/events/vechernie-kinoprosmotry-na-plyazhe-druzya,http://mamago.local:3000/minsk/events/vechernie-kinoprosmotry-na-plyazhe-druzya,event,,wp map; 271 clicks; auto
wp_map,http://mamago.local:3000/loshiczkij-park-posle-rekonstrukczii-v-top-lyubimyh-mest-dlya-progulok,http://mamago.local:3000/minsk/blog/loshiczkij-park-posle-rekonstrukczii-v-top-lyubimyh-mest-dlya-progulok,article,,wp map; 270 clicks; auto
wp_map,http://mamago.local:3000/events/velokarnaval-viva-rovar,http://mamago.local:3000/minsk/events/velokarnaval-viva-rovar,event,,wp map; 262 clicks; auto
wp_map,http://mamago.local:3000/basseyny-minska-i-ne-tolko-ili-akvazony-na-vse-sluchai-zhizni,http://mamago.local:3000/minsk/blog/basseyny-minska-i-ne-tolko-ili-akvazony-na-vse-sluchai-zhizni,article,,wp map; 261 clicks; auto
wp_map,http://mamago.local:3000/events/vystavka-avtorskih-kukol-i-mishek-teddi-alisa-v-strane-chudes,http://mamago.local:3000/minsk/events/vystavka-avtorskih-kukol-i-mishek-teddi-alisa-v-strane-chudes,event,,wp map; 259 clicks; auto
wp_map,http://mamago.local:3000/tvorcheskie-muzykalnye-i-yazykovye-kruzhki-i-sekcii-dlya-detey-v-minske,http://mamago.local:3000/minsk/blog/tvorcheskie-muzykalnye-i-jazykovye-kruzhki-i-sekcii-dlja-detej-v-minske,article,,wp map; 258 clicks; auto
wp_map,http://mamago.local:3000/gde-otprazdnovat-vypusknoy-v-detskom-sadu-i-shkole,http://mamago.local:3000/minsk/blog/gde-otprazdnovat-vypusknoy-v-detskom-sadu-i-shkole,article,,wp map; 248 clicks; auto
wp_map,http://mamago.local:3000/events/festival-Wostrau-Nesvizh-Fest,http://mamago.local:3000/minsk/events/festival-Wostrau-Nesvizh-Fest,event,,wp map; 247 clicks; auto
wp_map,http://mamago.local:3000/lyubimye-detskie-kluby-kofeyni-i-igrovye-minska,http://mamago.local:3000/minsk/blog/ljubimye-detskie-kluby-kofejni-i-igrovye-minska,article,,wp map; 246 clicks; auto
wp_map,http://mamago.local:3000/events/vystavka-avtomobilej-japlane,http://mamago.local:3000/minsk/events/vystavka-avtomobilej-japlane,event,,wp map; 244 clicks; auto
wp_map,http://mamago.local:3000/events/vystavka-robotov-i-tehnologij-robopark,http://mamago.local:3000/minsk/events/vystavka-robotov-i-tehnologij-robopark,event,,wp map; 243 clicks; auto
wp_map,http://mamago.local:3000/mi-mi-land-kak-my-vyigryvali-ogromnogo-stitcha-za-10-rub,http://mamago.local:3000/minsk/blog/mi-mi-land-kak-my-vyigryvali-ogromnogo-stitcha-za-10-rub,article,,wp map; 241 clicks; auto
wp_map,http://mamago.local:3000/events/holydays/maslenicza-v-zaslavle,http://mamago.local:3000/minsk/events/maslenicza-v-zaslavle,event,,wp map; 241 clicks; auto
wp_map,http://mamago.local:3000/events/teatralnaja-gostinaja-v-rakovskom-dvorike,http://mamago.local:3000/minsk/events/teatralnaja-gostinaja-v-rakovskom-dvorike,event,,wp map; 241 clicks; auto
wp_map,http://mamago.local:3000/events/maslenicza-v-komarovo,http://mamago.local:3000/minsk/events/maslenicza-v-komarovo,event,,wp map; 240 clicks; auto
wp_map,http://mamago.local:3000/events/prazdnik-letnego-solnczestoyaniya-solnczevorot,http://mamago.local:3000/minsk/events/prazdnik-letnego-solnczestoyaniya-solnczevorot,event,,wp map; 238 clicks; auto
wp_map,http://mamago.local:3000/instagramnye-katamarany-v-drozdah,http://mamago.local:3000/minsk/blog/instagramnye-katamarany-v-drozdah,article,,wp map; 237 clicks; auto
wp_map,http://mamago.local:3000/detskie-mesta/pitstserii-s-detskoy-zonoy,http://mamago.local:3000/minsk,place-category,,wp map; 224 clicks; auto
wp_map,http://mamago.local:3000/vypusknoy-v-detskom-sadu-ili-shkole-gde-otmetit,http://mamago.local:3000/minsk/blog/vypusknoy-v-detskom-sadu-ili-shkole-gde-otmetit,article,,wp map; 219 clicks; auto
wp_map,http://mamago.local:3000/events/holydays/maslenicza-v-smolevichah,http://mamago.local:3000/minsk/events/maslenicza-v-smolevichah,event,,wp map; 218 clicks; auto
wp_map,http://mamago.local:3000/detskie-mesta/razvlecheniya,http://mamago.local:3000/minsk,place-category,,wp map; 217 clicks; auto
wp_map,http://mamago.local:3000/events/festival-maslenicza-2025,http://mamago.local:3000/minsk/events/festival-maslenicza-2025,event,,wp map; 207 clicks; auto
wp_map,http://mamago.local:3000/events/proekt-vyhodnye-na-kurgane-slavy,http://mamago.local:3000/minsk/events/proekt-vyhodnye-na-kurgane-slavy,event,,wp map; 206 clicks; auto
wp_map,http://mamago.local:3000/events/detskoe-predstavlenie-novyj-god-v-prostokvashino,http://mamago.local:3000/minsk/events/detskoe-predstavlenie-novyj-god-v-prostokvashino,event,,wp map; 204 clicks; auto
wp_map,http://mamago.local:3000/breakingnews/vystavka-vechno-zelyonoe-ot-farba,http://mamago.local:3000/blog/vystavka-vechno-zelyonoe-ot-farba,breakingnews,,wp map; 199 clicks; auto
wp_map,http://mamago.local:3000/put-napryazhenie-unikalnaya-media-vystavka-v-minske-gde-iskusstvo-ozhivaet,http://mamago.local:3000/minsk/blog/put-napryazhenie-unikalnaya-media-vystavka-v-minske-gde-iskusstvo-ozhivaet,article,,wp map; 185 clicks; auto
wp_map,http://mamago.local:3000/top-idey-chto-podarit-mame-na-den-materi-interesnye-i-originalnye-podarki-pro-emocii,http://mamago.local:3000/blog/top-idej-chto-podarit-mame-na-den-materi-interesnye-i-originalnye-podarki-pro-jemocii,article,,wp map; 180 clicks; auto
wp_map,http://mamago.local:3000/events/holydays/semejno-bannyj-festival-laznya-2026,http://mamago.local:3000/minsk/events/semejno-bannyj-festival-laznya-2026,event,,wp map; 180 clicks; auto
wp_map,http://mamago.local:3000/events/festival-good-day-open-air,http://mamago.local:3000/minsk/events/festival-good-day-open-air,event,,wp map; 179 clicks; auto
wp_map,http://mamago.local:3000/events/novogodnij-interaktivnyj-spektakl-zimnij-czirk-deda-moroza,http://mamago.local:3000/minsk/events/novogodnij-interaktivnyj-spektakl-zimnij-czirk-deda-moroza,event,,wp map; 178 clicks; auto
wp_map,http://mamago.local:3000/gde-otmetit-den-rozhdeniya-rebenka-bolshoy-gayd,http://mamago.local:3000/minsk/blog/gde-otmetit-den-rozhdeniya-rebenka-bolshoy-gayd,article,,wp map; 176 clicks; auto
wp_map,http://mamago.local:3000/maslenica-2025-v-belarusi,http://mamago.local:3000/minsk/blog/maslenica-2025-v-belarusi,article,,wp map; 176 clicks; auto
wp_map,http://mamago.local:3000/events/master-klassy-dlya-detej/robopark-vystavka-robotov-dlya-detej-minska-s-novoj-programmoj,http://mamago.local:3000/minsk/events/robopark-vystavka-robotov-dlya-detej-minska-s-novoj-programmoj,event,,wp map; 174 clicks; auto
wp_map,http://mamago.local:3000/events/semejnyj-festival-tvoj-den,http://mamago.local:3000/minsk/events/semejnyj-festival-tvoj-den,event,,wp map; 172 clicks; auto
wp_map,http://mamago.local:3000/events/kupala-fest-25-v-korobchiczah,http://mamago.local:3000/minsk/events/kupala-fest-25-v-korobchiczah,event,,wp map; 168 clicks; auto
wp_map,http://mamago.local:3000/events/pesochnica-afisha-na-nedelju-3,http://mamago.local:3000/minsk/events/pesochnica-afisha-na-nedelju-3,event,,wp map; 167 clicks; auto
wp_map,http://mamago.local:3000/events/teatralnyj-dvorik-afisha-na-iyul,http://mamago.local:3000/minsk/events/teatralnyj-dvorik-afisha-na-iyul,event,,wp map; 167 clicks; auto
wp_map,http://mamago.local:3000/pervyy-detskiy-sad-severnogo-berega,http://mamago.local:3000/minsk/blog/4-8-mln-za-pervyj-detskij-sad-severnogo-berega,article,,wp map; 159 clicks; auto
wp_map,http://mamago.local:3000/events/open-jejr-tancujushhij-gorod,http://mamago.local:3000/minsk/events/open-jejr-tancujushhij-gorod,event,,wp map; 158 clicks; auto
wp_map,http://mamago.local:3000/events/festival-festiwow,http://mamago.local:3000/minsk/events/festival-festiwow,event,,wp map; 157 clicks; auto
wp_map,http://mamago.local:3000/events/multimedijnyj-muzej-razvlechenij-dikaya-afrika,http://mamago.local:3000/minsk/events/multimedijnyj-muzej-razvlechenij-dikaya-afrika,event,,wp map; 156 clicks; auto
wp_map,http://mamago.local:3000/events/festival-uha-fest,http://mamago.local:3000/minsk/events/festival-uha-fest,event,,wp map; 156 clicks; auto
wp_map,http://mamago.local:3000/breakingnews/novaya-vystavka-ogon-bosh,http://mamago.local:3000/blog/novaya-vystavka-ogon-bosh,breakingnews,,wp map; 156 clicks; auto
wp_map,http://mamago.local:3000/events/vremennaya-ekspozicziya-ekzoticheskih-zhivotnyh-reptilium,http://mamago.local:3000/minsk/events/vremennaya-ekspozicziya-ekzoticheskih-zhivotnyh-reptilium,event,,wp map; 156 clicks; auto
wp_map,http://mamago.local:3000/events/den-otkrytyh-dverej-na-mzkt,http://mamago.local:3000/minsk/events/den-otkrytyh-dverej-na-mzkt,event,,wp map; 156 clicks; auto
wp_map,http://mamago.local:3000/vesennie-kanikuly-2025-chem-zanyatsya-i-kuda-otpravit-detej,http://mamago.local:3000/minsk/blog/vesennie-kanikuly-2025-chem-zanyatsya-i-kuda-otpravit-detej,article,,wp map; 154 clicks; auto
wp_map,http://mamago.local:3000/events/prazdnik-morya-na-avgustovskom-kanale,http://mamago.local:3000/minsk/events/prazdnik-morya-na-avgustovskom-kanale,event,,wp map; 151 clicks; auto
wp_map,http://mamago.local:3000/detskie-isteriki-v-polnolunie,http://mamago.local:3000/minsk/blog/detskie-isteriki-v-polnolunie,article,,wp map; 151 clicks; auto
wp_map,http://mamago.local:3000/events/yarmarka-belorusskih-masterov-yarmarka-lui,http://mamago.local:3000/minsk/events/yarmarka-belorusskih-masterov-yarmarka-lui,event,,wp map; 150 clicks; auto
wp_map,http://mamago.local:3000/events/festival-stereo-weekend,http://mamago.local:3000/minsk/events/festival-stereo-weekend,event,,wp map; 147 clicks; auto
wp_map,http://mamago.local:3000/events/festival-brest-dzhip-fest,http://mamago.local:3000/minsk/events/festival-brest-dzhip-fest,event,,wp map; 147 clicks; auto
wp_map,http://mamago.local:3000/events/festival-lets-jazz,http://mamago.local:3000/minsk/events/festival-lets-jazz,event,,wp map; 147 clicks; auto
wp_map,http://mamago.local:3000/events/nebo-reka,http://mamago.local:3000/minsk/events/nebo-reka,event,,wp map; 146 clicks; auto
wp_map,http://mamago.local:3000/events/prazdnik-v-chest-yubileya-komarovskogo-rynka-45-let,http://mamago.local:3000/minsk/events/prazdnik-v-chest-yubileya-komarovskogo-rynka-45-let,event,,wp map; 146 clicks; auto
wp_map,http://mamago.local:3000/events/grandioznoe-otkrytie-proekta-sport-dlya-vseh,http://mamago.local:3000/minsk/events/grandioznoe-otkrytie-proekta-sport-dlya-vseh,event,,wp map; 144 clicks; auto
wp_map,http://mamago.local:3000/nanosy-novosele-ili-kak-my-proveli-vyhodnye-v-autentichnoj-starobelorusskoj-derevne,http://mamago.local:3000/minsk/blog/nanosy-novosele-ili-kak-my-proveli-vyhodnye-v-autentichnoj-starobelorusskoj-derevne,article,,wp map; 144 clicks; auto
wp_map,http://mamago.local:3000/events/mjuzikl-opasnye-svjazi,http://mamago.local:3000/minsk/events/mjuzikl-opasnye-svjazi,event,,wp map; 142 clicks; auto
wp_map,http://mamago.local:3000/events/predstavlenie-loshiczkie-skazki-novogo-goda,http://mamago.local:3000/minsk/events/predstavlenie-loshiczkie-skazki-novogo-goda,event,,wp map; 137 clicks; auto
wp_map,http://mamago.local:3000/events/festival-elektronnoj-muzyki-kosmos-nash,http://mamago.local:3000/minsk/events/festival-elektronnoj-muzyki-kosmos-nash,event,,wp map; 136 clicks; auto
wp_map,http://mamago.local:3000/events/shou-saundtrekov-cinema-medley,http://mamago.local:3000/minsk/events/shou-saundtrekov-cinema-medley,event,,wp map; 134 clicks; auto
wp_map,http://mamago.local:3000/events/dvizh-lager-dvizh-lager,http://mamago.local:3000/minsk/events/dvizh-lager-dvizh-lager,event,,wp map; 134 clicks; auto
wp_map,http://mamago.local:3000/events/vintazhnyj-market-open-shkaf,http://mamago.local:3000/minsk/events/vintazhnyj-market-open-shkaf,event,,wp map; 133 clicks; auto
wp_map,http://mamago.local:3000/events/predstavlenie-novogodnie-istorii-rakovskogo-dvorika,http://mamago.local:3000/minsk/events/predstavlenie-novogodnie-istorii-rakovskogo-dvorika,event,,wp map; 130 clicks; auto
wp_map,http://mamago.local:3000/events/festival-vodnyh-fonarikov-v-vitebske,http://mamago.local:3000/minsk/events/festival-vodnyh-fonarikov-v-vitebske,event,,wp map; 128 clicks; auto
wp_map,http://mamago.local:3000/events/festival-hvostatyj-dvor,http://mamago.local:3000/minsk/events/festival-hvostatyj-dvor,event,,wp map; 128 clicks; auto
wp_map,http://mamago.local:3000/events/moto-festival-brest-motor-music-weekend-2024,http://mamago.local:3000/minsk/events/moto-festival-brest-motor-music-weekend-2024,event,,wp map; 126 clicks; auto
wp_map,http://mamago.local:3000/detskie-mesta/razvlekatelnye-centry,http://mamago.local:3000/minsk,place-category,,wp map; 125 clicks; auto
wp_map,http://mamago.local:3000/events/konczert-volshebnye-melodii-ot-soyuzmultfilma-do-disneya,http://mamago.local:3000/minsk/events/konczert-volshebnye-melodii-ot-soyuzmultfilma-do-disneya,event,,wp map; 123 clicks; auto
wp_map,http://mamago.local:3000/events/rozhdestvenskaya-yarmarka-v-parke-imeni-ugo-chavesa,http://mamago.local:3000/minsk/events/rozhdestvenskaya-yarmarka-v-parke-imeni-ugo-chavesa,event,,wp map; 123 clicks; auto
wp_map,http://mamago.local:3000/events/holydays/maslenicza-v-stankovo-2,http://mamago.local:3000/minsk/events/maslenicza-v-stankovo-2,event,,wp map; 123 clicks; auto
wp_map,http://mamago.local:3000/events/etnoprazdnik-kupale-v-ag-zalese,http://mamago.local:3000/minsk/events/etnoprazdnik-kupale-v-ag-zalese,event,,wp map; 121 clicks; auto
wp_map,http://mamago.local:3000/events/teatr-kukol-repertuar-na-noyabr-2024,http://mamago.local:3000/minsk/events/teatr-kukol-repertuar-na-noyabr-2024,event,,wp map; 119 clicks; auto
wp_map,http://mamago.local:3000/events/festival-narodnyh-remesel-vyasnovy-buket,http://mamago.local:3000/minsk/events/festival-narodnyh-remesel-vyasnovy-buket,event,,wp map; 119 clicks; auto
wp_map,http://mamago.local:3000/events/prazdnik-shhedroj-masleniczy-v-komplekse-nanosy-otdyh,http://mamago.local:3000/minsk/events/prazdnik-shhedroj-masleniczy-v-komplekse-nanosy-otdyh,event,,wp map; 119 clicks; auto
wp_map,http://mamago.local:3000/events/festival-belaz-fest-2025,http://mamago.local:3000/minsk/events/festival-belaz-fest-2025,event,,wp map; 118 clicks; auto
wp_map,http://mamago.local:3000/detskie-letnie-lagerya-2024-zagorodnye,http://mamago.local:3000/minsk/blog/detskie-letnie-lagerya-2024-zagorodnye,article,,wp map; 118 clicks; auto
wp_map,http://mamago.local:3000/events/teatr-koshek-kuklachyova-volshebnye-koshki,http://mamago.local:3000/minsk/events/teatr-koshek-kuklachyova-volshebnye-koshki,event,,wp map; 117 clicks; auto
wp_map,http://mamago.local:3000/events/prazdnik-kupalle-na-galshanskim-zamku,http://mamago.local:3000/minsk/events/prazdnik-kupalle-na-galshanskim-zamku,event,,wp map; 115 clicks; auto
wp_map,http://mamago.local:3000/events/kupale-na-plyazhe-druzya,http://mamago.local:3000/minsk/events/kupale-na-plyazhe-druzya,event,,wp map; 113 clicks; auto
wp_map,http://mamago.local:3000/events/avtomobilnaja-vystavka-tachki-piknik,http://mamago.local:3000/minsk/events/avtomobilnaja-vystavka-tachki-piknik,event,,wp map; 112 clicks; auto
wp_map,http://mamago.local:3000/breakingnews/novyj-gastropab-v-lebyazhem,http://mamago.local:3000/blog/novyj-gastropab-v-lebyazhem,breakingnews,,wp map; 112 clicks; auto
wp_map,http://mamago.local:3000/events/exhibitions-and-museums/shirokaya-maslenicza-v-dudutkah,http://mamago.local:3000/minsk/events/shirokaya-maslenicza-v-dudutkah,event,,wp map; 110 clicks; auto
wp_map,http://mamago.local:3000/ptichij-dom-v-zelenoj-gavani-pervyj-detskij-sad-v-zhilom-komplekse-gde-priroda-vstrechaet-detstvo,http://mamago.local:3000/minsk/blog/ptichij-dom-v-zelenoj-gavani-pervyj-detskij-sad-v-zhilom-komplekse-gde-priroda-vstrechaet-detstvo,article,,wp map; 109 clicks; auto
wp_map,http://mamago.local:3000/events/vystavka-moya-belarus,http://mamago.local:3000/minsk/events/vystavka-moya-belarus,event,,wp map; 108 clicks; auto
wp_map,http://mamago.local:3000/events/gonki-na-retro-virazh-2024,http://mamago.local:3000/minsk/events/gonki-na-retro-virazh-2024,event,,wp map; 106 clicks; auto
wp_map,http://mamago.local:3000/detskie-lagerya-2024-gorodskie,http://mamago.local:3000/minsk/blog/detskie-lagerya-2024-gorodskie,article,,wp map; 105 clicks; auto
wp_map,http://mamago.local:3000/events/cpektakl-13,http://mamago.local:3000/minsk/events/cpektakl-13,event,,wp map; 104 clicks; auto
wp_map,http://mamago.local:3000/sozdatelnicza-las-legas-i-photohub-nadezhda-soloveva,http://mamago.local:3000/minsk/blog/sozdatelnicza-las-legas-i-photohub-nadezhda-soloveva,article,,wp map; 104 clicks; auto
wp_map,http://mamago.local:3000/gde-ustroit-piknik-v-minske,http://mamago.local:3000/minsk/blog/gde-ustroit-piknik-v-minske,article,,wp map; 103 clicks; auto
wp_map,http://mamago.local:3000/breakingnews/palka-novyj-vystavochnyj-proekt-farba,http://mamago.local:3000/blog/palka-novyj-vystavochnyj-proekt-farba,breakingnews,,wp map; 102 clicks; auto
wp_map,http://mamago.local:3000/events/muzykalnyj-vecher-v-lesu,http://mamago.local:3000/minsk/events/muzykalnyj-vecher-v-lesu,event,,wp map; 102 clicks; auto
wp_map,http://mamago.local:3000/events/dva-nezabyvaemyh-vechera-s-muzykalnym-teatrom-v-mirskom-zamke,http://mamago.local:3000/minsk/events/dva-nezabyvaemyh-vechera-s-muzykalnym-teatrom-v-mirskom-zamke,event,,wp map; 101 clicks; auto
wp_map,http://mamago.local:3000/events/holydays/marafon-krasivyj-zabeg,http://mamago.local:3000/minsk/events/marafon-krasivyj-zabeg,event,,wp map; 101 clicks; auto
wp_map,http://mamago.local:3000/events/kvest-belyj-slon,http://mamago.local:3000/minsk/events/kvest-belyj-slon,event,,wp map; 101 clicks; auto
wp_map,http://mamago.local:3000/kak-i-kuda-otpravit-pismo-dedu-morozu-ili-santa-klausu,http://mamago.local:3000/minsk/blog/kak-i-kuda-otpravit-pismo-dedu-morozu-ili-santa-klausu,article,,wp map; 100 clicks; auto
wp_map,http://mamago.local:3000/events/art-prostranstvo-karta-dushi,http://mamago.local:3000/minsk/events/art-prostranstvo-karta-dushi,event,,wp map; 100 clicks; auto
wp_map,http://mamago.local:3000/events/den-otkrytyh-dverej-na-mtz,http://mamago.local:3000/minsk/events/den-otkrytyh-dverej-na-mtz,event,,wp map; 99 clicks; auto
wp_map,http://mamago.local:3000/events/rezidenciya-deda-moroza-v-tc-pershy,http://mamago.local:3000/minsk/events/rezidenciya-deda-moroza-v-tc-pershy,event,,wp map; 98 clicks; auto
wp_map,http://mamago.local:3000/events/spektakl-devochka-i-aprel,http://mamago.local:3000/minsk/events/spektakl-devochka-i-aprel,event,,wp map; 97 clicks; auto
wp_map,http://mamago.local:3000/events/leto-v-ritme-belbet-fest,http://mamago.local:3000/minsk/events/leto-v-ritme-belbet-fest,event,,wp map; 96 clicks; auto
wp_map,http://mamago.local:3000/events/holydays/maslenicza-v-minskom-zooparke,http://mamago.local:3000/minsk/events/maslenicza-v-minskom-zooparke,event,,wp map; 96 clicks; auto
wp_map,http://mamago.local:3000/events/forum-mam-moj-rebenok,http://mamago.local:3000/minsk/events/forum-mam-moj-rebenok,event,,wp map; 95 clicks; auto
wp_map,http://mamago.local:3000/events/lekcziya-nezrimaya-belarus,http://mamago.local:3000/minsk/events/lekcziya-nezrimaya-belarus,event,,wp map; 95 clicks; auto
wp_map,http://mamago.local:3000/events/prazdnik-v-parke-pobedy-pod-mirnym-nebom-belarusi,http://mamago.local:3000/minsk/events/prazdnik-v-parke-pobedy-pod-mirnym-nebom-belarusi,event,,wp map; 95 clicks; auto
wp_map,http://mamago.local:3000/events/vyhodnye-na-lidbeer-dvor,http://mamago.local:3000/minsk/events/vyhodnye-na-lidbeer-dvor,event,,wp map; 94 clicks; auto
wp_map,http://mamago.local:3000/events/vystavka-retro-motociklov-kola-chasu-2024,http://mamago.local:3000/minsk/events/vystavka-retro-motociklov-kola-chasu-2024,event,,wp map; 94 clicks; auto
wp_map,http://mamago.local:3000/events/vystavka-muzej-elochnyh-igrushek,http://mamago.local:3000/minsk/events/vystavka-muzej-elochnyh-igrushek,event,,wp map; 93 clicks; auto
wp_map,http://mamago.local:3000/gde-mame-spokoyno-popit-kofe-novye-igrovye-minska,http://mamago.local:3000/minsk/blog/gde-mame-spokoyno-popit-kofe-novye-igrovye-minska,article,,wp map; 93 clicks; auto
wp_map,http://mamago.local:3000/events/pervyj-festival-klyovyj-braslav,http://mamago.local:3000/minsk/events/pervyj-festival-klyovyj-braslav,event,,wp map; 93 clicks; auto
wp_map,http://mamago.local:3000/events/meropriyatie-v-marinoj-gorke-ko-dnyu-zashhity-detej,http://mamago.local:3000/minsk/events/meropriyatie-v-marinoj-gorke-ko-dnyu-zashhity-detej,event,,wp map; 93 clicks; auto
wp_map,http://mamago.local:3000/events/animaczionnyj-film-belovezhskaya-pushha,http://mamago.local:3000/minsk/events/animaczionnyj-film-belovezhskaya-pushha,event,,wp map; 92 clicks; auto
wp_map,http://mamago.local:3000/events/luchshaja-ulica-afisha-na-nedelju-4,http://mamago.local:3000/minsk/events/luchshaja-ulica-afisha-na-nedelju-4,event,,wp map; 92 clicks; auto
wp_map,http://mamago.local:3000/events/spektakl-dlya-podrostkov-grustnaya-taksa,http://mamago.local:3000/minsk/events/spektakl-dlya-podrostkov-grustnaya-taksa,event,,wp map; 92 clicks; auto
wp_map,http://mamago.local:3000/events/festival-golshanskij-zamok,http://mamago.local:3000/minsk/events/festival-golshanskij-zamok,event,,wp map; 91 clicks; auto
wp_map,http://mamago.local:3000/events/vystavka-jarmarka-belorusskaja-osen-kartofel-plody-ovoshhi,http://mamago.local:3000/minsk/events/vystavka-jarmarka-belorusskaja-osen-kartofel-plody-ovoshhi,event,,wp map; 91 clicks; auto
wp_map,http://mamago.local:3000/age/10-12,http://mamago.local:3000/minsk,age,,wp map; 89 clicks; auto
wp_map,http://mamago.local:3000/events/virazh-vystavka-retro-avto-i-gonki,http://mamago.local:3000/minsk/events/virazh-vystavka-retro-avto-i-gonki,event,,wp map; 87 clicks; auto
wp_map,http://mamago.local:3000/events/floristicheskij-prazdnik-kvetki-njasvizha,http://mamago.local:3000/minsk/events/floristicheskij-prazdnik-kvetki-njasvizha,event,,wp map; 87 clicks; auto
wp_map,http://mamago.local:3000/events/exhibitions-and-museums/vystavka-imadzhinarium-salvadora-dali,http://mamago.local:3000/minsk/events/vystavka-imadzhinarium-salvadora-dali,event,,wp map; 86 clicks; auto
wp_map,http://mamago.local:3000/events/luchshaja-ulica-afisha-na-nedelju,http://mamago.local:3000/minsk/events/luchshaja-ulica-afisha-na-nedelju,event,,wp map; 86 clicks; auto
wp_map,http://mamago.local:3000/events/immersivnyj-uzhin-dostat-nozhi,http://mamago.local:3000/minsk/events/immersivnyj-uzhin-dostat-nozhi,event,,wp map; 84 clicks; auto
wp_map,http://mamago.local:3000/events/kinovechera-v-restorane-white-point-lounge,http://mamago.local:3000/minsk/events/kinovechera-v-restorane-white-point-lounge,event,,wp map; 84 clicks; auto
wp_map,http://mamago.local:3000/breakingnews/dom-rozhdestva-2025-2026-otkryt,http://mamago.local:3000/blog/dom-rozhdestva-2025-2026-otkryt,breakingnews,,wp map; 83 clicks; auto
wp_map,http://mamago.local:3000/events/shhedraya-maslenicza-v-sule,http://mamago.local:3000/minsk/events/shhedraya-maslenicza-v-sule,event,,wp map; 83 clicks; auto
wp_map,http://mamago.local:3000/events/kontserty/komedijnoe-shou-natalnaya-karta,http://mamago.local:3000/minsk/events/komedijnoe-shou-natalnaya-karta,event,,wp map; 83 clicks; auto
wp_map,http://mamago.local:3000/events/vystavka-udivitelnyh-faktov-i-dostizhenij-nichose-2,http://mamago.local:3000/minsk/events/vystavka-udivitelnyh-faktov-i-dostizhenij-nichose-2,event,,wp map; 82 clicks; auto
wp_map,http://mamago.local:3000/events/legendarnaya-vecherinka-2000-h-open-air-tonight,http://mamago.local:3000/minsk/events/legendarnaya-vecherinka-2000-h-open-air-tonight,event,,wp map; 82 clicks; auto
wp_map,http://mamago.local:3000/events/tvorcheskie-master-klassy-v-lakeside-park-lejksajd-park,http://mamago.local:3000/minsk/events/tvorcheskie-master-klassy-v-lakeside-park-lejksajd-park,event,,wp map; 81 clicks; auto
wp_map,http://mamago.local:3000/events/illjuzionnoe-shou-ili-kahnovicha-cirk-illjuzij-velichajshij-volshebnik,http://mamago.local:3000/minsk/events/illjuzionnoe-shou-ili-kahnovicha-cirk-illjuzij-velichajshij-volshebnik,event,,wp map; 80 clicks; auto
wp_map,http://mamago.local:3000/events/kinovechera-v-kofejne-mastaczki-dom-ugrynovich,http://mamago.local:3000/minsk/events/kinovechera-v-kofejne-mastaczki-dom-ugrynovich,event,,wp map; 79 clicks; auto
wp_map,http://mamago.local:3000/detskie-mesta/sportivnye-sektsii,http://mamago.local:3000/minsk/classes,place-category,,wp map; 78 clicks; auto
wp_map,http://mamago.local:3000/events/premera-muzykalnogo-spektaklya-12-stulev,http://mamago.local:3000/minsk/events/premera-muzykalnogo-spektaklya-12-stulev,event,,wp map; 78 clicks; auto
wp_map,http://mamago.local:3000/events/den-otkrytyh-dverej-na-minskom-avtomobilnom-zavode,http://mamago.local:3000/minsk/events/den-otkrytyh-dverej-na-minskom-avtomobilnom-zavode,event,,wp map; 78 clicks; auto
wp_map,http://mamago.local:3000/events/prazdnik-detstva-v-logojske,http://mamago.local:3000/minsk/events/prazdnik-detstva-v-logojske,event,,wp map; 78 clicks; auto
wp_map,http://mamago.local:3000/events/prazdnik-v-tc-stolica,http://mamago.local:3000/minsk/events/prazdnik-v-tc-stolica,event,,wp map; 78 clicks; auto
wp_map,http://mamago.local:3000/events/maslenicza-v-naczionalnom-parke-pripyatskij,http://mamago.local:3000/minsk/events/maslenicza-v-naczionalnom-parke-pripyatskij,event,,wp map; 78 clicks; auto
wp_map,http://mamago.local:3000/events/festival-jarkih-jemocij-belbet-fest,http://mamago.local:3000/minsk/events/festival-jarkih-jemocij-belbet-fest,event,,wp map; 77 clicks; auto
wp_map,http://mamago.local:3000/events/700-letie-mjadelya,http://mamago.local:3000/minsk/events/700-letie-mjadelya,event,,wp map; 77 clicks; auto
wp_map,http://mamago.local:3000/events/czirkovoe-predstavlenie-novogodnij-eralash,http://mamago.local:3000/minsk/events/czirkovoe-predstavlenie-novogodnij-eralash,event,,wp map; 77 clicks; auto
wp_map,http://mamago.local:3000/events/festival-bukids-vokrug-sveta,http://mamago.local:3000/minsk/events/festival-bukids-vokrug-sveta,event,,wp map; 77 clicks; auto
wp_map,http://mamago.local:3000/events/open-ejr-diskoteku-lyubimyh-hitov-diskohit-v-dudutkah,http://mamago.local:3000/minsk/events/open-ejr-diskoteku-lyubimyh-hitov-diskohit-v-dudutkah,event,,wp map; 75 clicks; auto
wp_map,http://mamago.local:3000/breakingnews/svetloe-kafe-u-vokzala-s-retro-avto,http://mamago.local:3000/blog/svetloe-kafe-u-vokzala-s-retro-avto,breakingnews,,wp map; 75 clicks; auto
wp_map,http://mamago.local:3000/events/spektakl-snezhnaya-koroleva,http://mamago.local:3000/minsk/events/spektakl-snezhnaya-koroleva,event,,wp map; 74 clicks; auto
wp_map,http://mamago.local:3000/events/bolshoj-semejnyj-prazdnik-v-parke-gorkogo,http://mamago.local:3000/minsk/events/bolshoj-semejnyj-prazdnik-v-parke-gorkogo,event,,wp map; 74 clicks; auto
wp_map,http://mamago.local:3000/events/belarus-fashion-art-week,http://mamago.local:3000/minsk/events/belarus-fashion-art-week,event,,wp map; 73 clicks; auto
wp_map,http://mamago.local:3000/events/gorodskoj-festival-festiwow,http://mamago.local:3000/minsk/events/gorodskoj-festival-festiwow,event,,wp map; 72 clicks; auto
wp_map,http://mamago.local:3000/events/konczert-v-temnote-est-u-menya-tolko-ty,http://mamago.local:3000/minsk/events/konczert-v-temnote-est-u-menya-tolko-ty,event,,wp map; 72 clicks; auto
wp_map,http://mamago.local:3000/nomad-houses-ferma,http://mamago.local:3000/minsk/blog/nomad-houses-ferma,article,,wp map; 71 clicks; auto
wp_map,http://mamago.local:3000/events/exhibitions-and-museums/vystavochnyj-proekt-palka,http://mamago.local:3000/minsk/events/vystavochnyj-proekt-palka,event,,wp map; 71 clicks; auto
wp_map,http://mamago.local:3000/events/vystavka-retro-avtomobilej-vintazh-dej,http://mamago.local:3000/minsk/events/vystavka-retro-avtomobilej-vintazh-dej,event,,wp map; 70 clicks; auto
wp_map,http://mamago.local:3000/events/muzykalnye-predstavlenija/konczertnaya-programma-triumfalnyj-organ,http://mamago.local:3000/minsk/events/konczertnaya-programma-triumfalnyj-organ,event,,wp map; 70 clicks; auto
wp_map,http://mamago.local:3000/zimnie-kanikuly-kuda-pristroit-detey,http://mamago.local:3000/minsk/blog/zimnie-kanikuly-kuda-pristroit-detey,article,,wp map; 70 clicks; auto
wp_map,http://mamago.local:3000/events/konno-sportivnoe-shou-snezhnaja-koroleva,http://mamago.local:3000/minsk/events/konno-sportivnoe-shou-snezhnaja-koroleva,event,,wp map; 70 clicks; auto
wp_map,http://mamago.local:3000/events/novogodnee-czirkovoe-shou-karnaval,http://mamago.local:3000/minsk/events/novogodnee-czirkovoe-shou-karnaval,event,,wp map; 69 clicks; auto
wp_map,http://mamago.local:3000/age/13-17,http://mamago.local:3000/minsk,age,,wp map; 68 clicks; auto
wp_map,http://mamago.local:3000/events/romanticheskie-master-klassy-dlya-dvoih,http://mamago.local:3000/minsk/events/romanticheskie-master-klassy-dlya-dvoih,event,,wp map; 68 clicks; auto
wp_map,http://mamago.local:3000/pasha-2025,http://mamago.local:3000/minsk/blog/pasha-2025,article,,wp map; 67 clicks; auto
wp_map,http://mamago.local:3000/detskie-mesta/kafe-s-detskoy-zonoy,http://mamago.local:3000/minsk,place-category,,wp map; 67 clicks; auto
wp_map,http://mamago.local:3000/events/vystavka-transformerov-i-kinogeroev-vosstanie-mashin,http://mamago.local:3000/minsk/events/vystavka-transformerov-i-kinogeroev-vosstanie-mashin,event,,wp map; 66 clicks; auto
wp_map,http://mamago.local:3000/events/vosenski-fjest-tradycyjnaj-kultury-bagach,http://mamago.local:3000/minsk/events/vosenski-fjest-tradycyjnaj-kultury-bagach,event,,wp map; 66 clicks; auto
wp_map,http://mamago.local:3000/events/myuzikl-skazka-din-don-ya-vasha-mama,http://mamago.local:3000/minsk/events/myuzikl-skazka-din-don-ya-vasha-mama,event,,wp map; 66 clicks; auto
wp_map,http://mamago.local:3000/events/shou-sauedtrekov-hans-zimmer-s-universe,http://mamago.local:3000/minsk/events/shou-sauedtrekov-hans-zimmer-s-universe,event,,wp map; 65 clicks; auto
wp_map,http://mamago.local:3000/events/sezon-dj-setov-alfa-sunset-alfa-sanset,http://mamago.local:3000/minsk/events/sezon-dj-setov-alfa-sunset-alfa-sanset,event,,wp map; 65 clicks; auto
wp_map,http://mamago.local:3000/samyy-bolshoy-vybor-syrnikov-v-minske,http://mamago.local:3000/minsk/blog/samyy-bolshoy-vybor-syrnikov-v-minske,article,,wp map; 65 clicks; auto
wp_map,http://mamago.local:3000/novogodniy-gayd-kuda-poyti-na-zimnih-kanikulah-i-gde-otmetit-novyy-god-s-detmi,http://mamago.local:3000/blog/novogodnij-gajd-kuda-pojti-na-zimnih-kanikulah-i-gde-otmetit-novyj-god-s-detmi,article,,wp map; 64 clicks; auto
wp_map,http://mamago.local:3000/breakingnews/novaya-vystavka-dikaya-afrika,http://mamago.local:3000/blog/novaya-vystavka-dikaya-afrika,breakingnews,,wp map; 64 clicks; auto
wp_map,http://mamago.local:3000/events/prazdnichnye-meropriyatiya-v-parke-gorkogo,http://mamago.local:3000/minsk/events/prazdnichnye-meropriyatiya-v-parke-gorkogo,event,,wp map; 64 clicks; auto
wp_map,http://mamago.local:3000/events/master-klassy-dlya-detej/mezhdunarodnaya-vystavka-pticz-zolotoj-feniks,http://mamago.local:3000/minsk/events/mezhdunarodnaya-vystavka-pticz-zolotoj-feniks,event,,wp map; 64 clicks; auto
wp_map,http://mamago.local:3000/events/mezhdunarodnaya-vystavka-vyshityh-mnogoczvetnyh-kartin-este-lavochka-fonduchka,http://mamago.local:3000/minsk/events/mezhdunarodnaya-vystavka-vyshityh-mnogoczvetnyh-kartin-este-lavochka-fonduchka,event,,wp map; 64 clicks; auto
wp_map,http://mamago.local:3000/events/detskij-teatr-kakao-afisha-na-sentjabr,http://mamago.local:3000/minsk/events/detskij-teatr-kakao-afisha-na-sentjabr,event,,wp map; 63 clicks; auto
wp_map,http://mamago.local:3000/events/vecherinka-alfa-sunset,http://mamago.local:3000/minsk/events/vecherinka-alfa-sunset,event,,wp map; 62 clicks; auto
wp_map,http://mamago.local:3000/events/rozhdestvo-v-nesvizhe,http://mamago.local:3000/minsk/events/rozhdestvo-v-nesvizhe,event,,wp map; 62 clicks; auto
wp_map,http://mamago.local:3000/events/vystavochnyj-proekt-son-van-goga,http://mamago.local:3000/minsk/events/vystavochnyj-proekt-son-van-goga,event,,wp map; 62 clicks; auto
wp_map,http://mamago.local:3000/events/myasnoj-festival-v-korobchiczah,http://mamago.local:3000/minsk/events/myasnoj-festival-v-korobchiczah,event,,wp map; 62 clicks; auto
wp_map,http://mamago.local:3000/events/novogodnee-meropriyatie-glavnaya-elka-strany,http://mamago.local:3000/minsk/events/novogodnee-meropriyatie-glavnaya-elka-strany,event,,wp map; 61 clicks; auto
wp_map,http://mamago.local:3000/events/vystavka-pevchih-ptic,http://mamago.local:3000/minsk/events/vystavka-pevchih-ptic,event,,wp map; 61 clicks; auto
wp_map,http://mamago.local:3000/events/georginovyj-bal-v-usadbe-oginskogo,http://mamago.local:3000/minsk/events/georginovyj-bal-v-usadbe-oginskogo,event,,wp map; 61 clicks; auto
wp_map,http://mamago.local:3000/events/master-klassy-dlja-detej-po-prigotovleniju-hinkali-i-hachapuri,http://mamago.local:3000/minsk/events/master-klassy-dlja-detej-po-prigotovleniju-hinkali-i-hachapuri,event,,wp map; 61 clicks; auto
wp_map,http://mamago.local:3000/events/peshehodnye-jekskursii-s-muzeem-istorii-g-minska-2,http://mamago.local:3000/minsk/events/peshehodnye-jekskursii-s-muzeem-istorii-g-minska-2,event,,wp map; 61 clicks; auto
wp_map,http://mamago.local:3000/events/festival-rycarskij-fest-mstislavl-2024,http://mamago.local:3000/minsk/events/festival-rycarskij-fest-mstislavl-2024,event,,wp map; 60 clicks; auto
wp_map,http://mamago.local:3000/events/spektakl-umnaja-sobachka-sonja,http://mamago.local:3000/minsk/events/spektakl-umnaja-sobachka-sonja,event,,wp map; 60 clicks; auto
wp_map,http://mamago.local:3000/klub-kofeynya-ladushki,http://mamago.local:3000/minsk/blog/klub-kofeynya-ladushki,article,,wp map; 60 clicks; auto
wp_map,http://mamago.local:3000/detskiy-sad-kubiki-v-stile-lego-v-minske-skoro,http://mamago.local:3000/minsk/blog/detskiy-sad-kubiki-v-stile-lego-v-minske-skoro,article,,wp map; 60 clicks; auto
wp_map,http://mamago.local:3000/events/master-klass-kartina-nochnik-luna,http://mamago.local:3000/minsk/events/master-klass-kartina-nochnik-luna,event,,wp map; 60 clicks; auto
wp_map,http://mamago.local:3000/events/spektakl-zimnyaya-skazka-i-koshki-teatra-koshek-kuklacheva,http://mamago.local:3000/minsk/events/spektakl-zimnyaya-skazka-i-koshki-teatra-koshek-kuklacheva,event,,wp map; 59 clicks; auto
wp_map,http://mamago.local:3000/specialists/vezhnovecz-alyona-valerevna,http://mamago.local:3000/minsk,specialists,,wp map; 59 clicks; auto
wp_map,http://mamago.local:3000/events/detskaya-ploshhadka-pod-volshebnym-zontom,http://mamago.local:3000/minsk/events/detskaya-ploshhadka-pod-volshebnym-zontom,event,,wp map; 59 clicks; auto
wp_map,http://mamago.local:3000/events/bannyj-festival-laznya-2025-v-volkovichah,http://mamago.local:3000/minsk/events/bannyj-festival-laznya-2025-v-volkovichah,event,,wp map; 58 clicks; auto
wp_map,http://mamago.local:3000/breakingnews/vystavka-pevchih-i-dekorativnyh-pticz-v-troiczkom-predmeste,http://mamago.local:3000/blog/vystavka-pevchih-i-dekorativnyh-pticz-v-troiczkom-predmeste,breakingnews,,wp map; 58 clicks; auto
wp_map,http://mamago.local:3000/events/festival-bmw-fest-2024,http://mamago.local:3000/minsk/events/festival-bmw-fest-2024,event,,wp map; 57 clicks; auto
wp_map,http://mamago.local:3000/breakingnews/novoe-kulturnoe-prostranstvo,http://mamago.local:3000/blog/novoe-kulturnoe-prostranstvo,breakingnews,,wp map; 57 clicks; auto
wp_map,http://mamago.local:3000/events/cirk-illjuzij-velichajshij-volshebnik,http://mamago.local:3000/minsk/events/cirk-illjuzij-velichajshij-volshebnik,event,,wp map; 57 clicks; auto
wp_map,http://mamago.local:3000/chto-delat-letom-100-klassnyh-idey-kak-provesti-vremya-yarko-i-neobychno-vsey-semey,http://mamago.local:3000/minsk/blog/chto-delat-letom-100-klassnyh-idey-kak-provesti-vremya-yarko-i-neobychno-vsey-semey,article,,wp map; 57 clicks; auto
wp_map,http://mamago.local:3000/kak-otprazdnovat-hellouin-2025,http://mamago.local:3000/minsk/blog/kak-otprazdnovat-hellouin-2025,article,,wp map; 57 clicks; auto
wp_map,http://mamago.local:3000/events/prazdnik-mchs-den-pozharnoj-sluzhby,http://mamago.local:3000/minsk/events/prazdnik-mchs-den-pozharnoj-sluzhby,event,,wp map; 57 clicks; auto
wp_map,http://mamago.local:3000/events/spektakl-ernest-i-selestina,http://mamago.local:3000/minsk/events/spektakl-ernest-i-selestina,event,,wp map; 57 clicks; auto
wp_map,http://mamago.local:3000/events/ezhegodnyj-festival-svoj-syr,http://mamago.local:3000/minsk/events/ezhegodnyj-festival-svoj-syr,event,,wp map; 57 clicks; auto
wp_map,http://mamago.local:3000/obnovlennaya-misteriya-mesto-dlya-vsey-semi-ot-0-do-99,http://mamago.local:3000/minsk/blog/obnovlennaya-misteriya-mesto-dlya-vsey-semi-ot-0-do-99,article,,wp map; 56 clicks; auto
wp_map,http://mamago.local:3000/events/semejnyj-festival-nasha-pobeda,http://mamago.local:3000/minsk/events/semejnyj-festival-nasha-pobeda,event,,wp map; 56 clicks; auto
wp_map,http://mamago.local:3000/events/premera-spektakl-piter-pen,http://mamago.local:3000/minsk/events/premera-spektakl-piter-pen,event,,wp map; 56 clicks; auto
wp_map,http://mamago.local:3000/breakingnews/novaya-pugovka-v-severnom-berege,http://mamago.local:3000/blog/novaya-pugovka-v-severnom-berege,breakingnews,,wp map; 56 clicks; auto
wp_map,http://mamago.local:3000/events/nastja-kravchenko-shou-jeto-ja,http://mamago.local:3000/minsk/events/nastja-kravchenko-shou-jeto-ja,event,,wp map; 55 clicks; auto
wp_map,http://mamago.local:3000/events/pivnaya-joga,http://mamago.local:3000/minsk/events/pivnaya-joga,event,,wp map; 55 clicks; auto
wp_map,http://mamago.local:3000/dom-rozhdestva-chem-tam-zanyatsya-i-chto-vhodit-v-stoimost-bileta,http://mamago.local:3000/minsk/blog/dom-rozhdestva-chem-tam-zanyatsya-i-chto-vhodit-v-stoimost-bileta,article,,wp map; 54 clicks; auto
wp_map,http://mamago.local:3000/events/sula-mistychnaya-na-noch-muzeyaў,http://mamago.local:3000/minsk/events/sula-mistychnaya-na-noch-muzeyaў,event,,wp map; 54 clicks; auto
wp_map,http://mamago.local:3000/events/muzykalnye-predstavlenija/volshebnye-melodii-ot-soyuzmultfilma-do-disneya,http://mamago.local:3000/minsk/events/volshebnye-melodii-ot-soyuzmultfilma-do-disneya,event,,wp map; 54 clicks; auto
wp_map,http://mamago.local:3000/events/lidbeer-dvor-afisha-na-vyhodnye-26-28-ijulja,http://mamago.local:3000/minsk/events/lidbeer-dvor-afisha-na-vyhodnye-26-28-ijulja,event,,wp map; 54 clicks; auto
wp_map,http://mamago.local:3000/events/konczertnaya-shou-programma-muzhskoj-garazh,http://mamago.local:3000/minsk/events/konczertnaya-shou-programma-muzhskoj-garazh,event,,wp map; 54 clicks; auto
wp_map,http://mamago.local:3000/events/festival-kofejnaja-milja,http://mamago.local:3000/minsk/events/festival-kofejnaja-milja,event,,wp map; 54 clicks; auto
wp_map,http://mamago.local:3000/events/kupalskaja-noch-v-zagorodnom-kafe-ptich,http://mamago.local:3000/minsk/events/kupalskaja-noch-v-zagorodnom-kafe-ptich,event,,wp map; 54 clicks; auto
wp_map,http://mamago.local:3000/events/loshickaja-usadba-afisha-meroprijatij-s-21-po-25-avgusta,http://mamago.local:3000/minsk/events/loshickaja-usadba-afisha-meroprijatij-s-21-po-25-avgusta,event,,wp map; 53 clicks; auto
wp_map,http://mamago.local:3000/events/exhibitions-and-museums/vystavka-chtoby-chuvstvovat,http://mamago.local:3000/minsk/events/vystavka-chtoby-chuvstvovat,event,,wp map; 53 clicks; auto
wp_map,http://mamago.local:3000/vystavka-legou-razoblachenie,http://mamago.local:3000/minsk/blog/vystavka-legou-razoblachenie,article,,wp map; 53 clicks; auto
wp_map,http://mamago.local:3000/events/moto-maslenicza-2025,http://mamago.local:3000/minsk/events/moto-maslenicza-2025,event,,wp map; 53 clicks; auto
wp_map,http://mamago.local:3000/events/bolshaja-programma-v-den-bez-avtomobilja-v-parke-imeni-ugo-chavesa,http://mamago.local:3000/minsk/events/bolshaja-programma-v-den-bez-avtomobilja-v-parke-imeni-ugo-chavesa,event,,wp map; 53 clicks; auto
wp_map,http://mamago.local:3000/events/market/degustacziya-kulichej,http://mamago.local:3000/minsk/events/degustacziya-kulichej,event,,wp map; 53 clicks; auto
wp_map,http://mamago.local:3000/events/holydays/maslenicza-v-eho,http://mamago.local:3000/minsk/events/maslenicza-v-eho,event,,wp map; 53 clicks; auto
wp_map,http://mamago.local:3000/events/futbolnyj-festival-brazilija-i-belarus-na-dinamo,http://mamago.local:3000/minsk/events/futbolnyj-festival-brazilija-i-belarus-na-dinamo,event,,wp map; 52 clicks; auto
wp_map,http://mamago.local:3000/events/festival-jekstremalnyh-vidov-sporta-extremeproryv,http://mamago.local:3000/minsk/events/festival-jekstremalnyh-vidov-sporta-extremeproryv,event,,wp map; 52 clicks; auto
wp_map,http://mamago.local:3000/events/novyj-sezon-na-luchshej-ulicze,http://mamago.local:3000/minsk/events/novyj-sezon-na-luchshej-ulicze,event,,wp map; 52 clicks; auto
wp_map,http://mamago.local:3000/events/akcziya-tatyanin-den-v-mirskom-zamke,http://mamago.local:3000/minsk/events/akcziya-tatyanin-den-v-mirskom-zamke,event,,wp map; 52 clicks; auto
wp_map,http://mamago.local:3000/events/kvest-gastronomicheskij-detektiv,http://mamago.local:3000/minsk/events/kvest-gastronomicheskij-detektiv,event,,wp map; 52 clicks; auto
wp_map,http://mamago.local:3000/events/festival-gorod-koshek,http://mamago.local:3000/minsk/events/festival-gorod-koshek,event,,wp map; 52 clicks; auto
wp_map,http://mamago.local:3000/events/spektakl-trigger,http://mamago.local:3000/minsk/events/spektakl-trigger,event,,wp map; 51 clicks; auto
wp_map,http://mamago.local:3000/multfilm-bolshoe-puteshestvie-vokrug-sveta,http://mamago.local:3000/minsk/blog/multfilm-bolshoe-puteshestvie-vokrug-sveta,article,,wp map; 51 clicks; auto
wp_map,http://mamago.local:3000/events/shou-minecraft-majnkraft,http://mamago.local:3000/minsk/events/shou-minecraft-majnkraft,event,,wp map; 50 clicks; auto
wp_map,http://mamago.local:3000/events/spektakl-mojdodyr,http://mamago.local:3000/minsk/events/spektakl-mojdodyr,event,,wp map; 50 clicks; auto
wp_map,http://mamago.local:3000/events/kinopokazy-s-betera,http://mamago.local:3000/minsk/events/kinopokazy-s-betera,event,,wp map; 50 clicks; auto
wp_map,http://mamago.local:3000/breakingnews/ekskursii-po-osmolovke,http://mamago.local:3000/blog/ekskursii-po-osmolovke,breakingnews,,wp map; 50 clicks; auto
wp_map,http://mamago.local:3000/events/blagotvoritelnyj-festival-gorod-koshek,http://mamago.local:3000/minsk/events/blagotvoritelnyj-festival-gorod-koshek,event,,wp map; 49 clicks; auto
wp_map,http://mamago.local:3000/events/detskij-master-klass-po-prigotovleniju-piccy,http://mamago.local:3000/minsk/events/detskij-master-klass-po-prigotovleniju-piccy,event,,wp map; 49 clicks; auto
wp_map,http://mamago.local:3000/events/novogodnee-shou-v-delfinarii,http://mamago.local:3000/minsk/events/novogodnee-shou-v-delfinarii,event,,wp map; 49 clicks; auto
wp_map,http://mamago.local:3000/events/art-vystavka-v-trcz-prizma,http://mamago.local:3000/minsk/events/art-vystavka-v-trcz-prizma,event,,wp map; 49 clicks; auto
wp_map,http://mamago.local:3000/idei-na-14-fevralya,http://mamago.local:3000/minsk/blog/idei-na-14-fevralya,article,,wp map; 49 clicks; auto
wp_map,http://mamago.local:3000/events/zimnij-festival-edy-vulitsa-ezha-vulicza-ezha,http://mamago.local:3000/minsk/events/zimnij-festival-edy-vulitsa-ezha-vulicza-ezha,event,,wp map; 48 clicks; auto
wp_map,http://mamago.local:3000/events/festival-yaponiya-fest,http://mamago.local:3000/minsk/events/festival-yaponiya-fest,event,,wp map; 48 clicks; auto
wp_map,http://mamago.local:3000/events/bloger-pati,http://mamago.local:3000/minsk/events/bloger-pati,event,,wp map; 48 clicks; auto
wp_map,http://mamago.local:3000/events/stendap-shou-v-minske,http://mamago.local:3000/minsk/events/stendap-shou-v-minske,event,,wp map; 48 clicks; auto
wp_map,http://mamago.local:3000/events/novyj-2026-god-v-minske,http://mamago.local:3000/minsk/events/novyj-2026-god-v-minske,event,,wp map; 48 clicks; auto
wp_map,http://mamago.local:3000/gde-provesti-semejnuyu-fotosessiyu,http://mamago.local:3000/minsk/blog/gde-provesti-semejnuyu-fotosessiyu,article,,wp map; 48 clicks; auto
wp_map,http://mamago.local:3000/events/vystuplenie-legendarnoj-gruppy-bratya-grim-eho-piknik,http://mamago.local:3000/minsk/events/vystuplenie-legendarnoj-gruppy-bratya-grim-eho-piknik,event,,wp map; 48 clicks; auto
wp_map,http://mamago.local:3000/events/kinovecher-v-pesochnicze,http://mamago.local:3000/minsk/events/kinovecher-v-pesochnicze,event,,wp map; 48 clicks; auto
wp_map,http://mamago.local:3000/events/mezhdunarodnyj-avtosalon-motorshou,http://mamago.local:3000/minsk/events/mezhdunarodnyj-avtosalon-motorshou,event,,wp map; 47 clicks; auto
wp_map,http://mamago.local:3000/events/nochnoj-drift-v-logojske,http://mamago.local:3000/minsk/events/nochnoj-drift-v-logojske,event,,wp map; 47 clicks; auto
wp_map,http://mamago.local:3000/events/konczert-v-temnote-est-u-menya-tolko-ty-4,http://mamago.local:3000/minsk/events/konczert-v-temnote-est-u-menya-tolko-ty-4,event,,wp map; 47 clicks; auto
wp_map,http://mamago.local:3000/events/festival-10-let-novoj-borovoj,http://mamago.local:3000/minsk/events/festival-10-let-novoj-borovoj,event,,wp map; 47 clicks; auto
wp_map,http://mamago.local:3000/events/festival-lapki,http://mamago.local:3000/minsk/events/festival-lapki,event,,wp map; 47 clicks; auto
wp_map,http://mamago.local:3000/events/mezhdunarodnaya-vystavka-belagro-2025,http://mamago.local:3000/minsk/events/mezhdunarodnaya-vystavka-belagro-2025,event,,wp map; 46 clicks; auto
wp_map,http://mamago.local:3000/pugovka-na-timiryazeva-10,http://mamago.local:3000/minsk/blog/pugovka-na-timiryazeva-10,article,,wp map; 46 clicks; auto
wp_map,http://mamago.local:3000/events/spektakl-uzhin-s-durakom,http://mamago.local:3000/minsk/events/spektakl-uzhin-s-durakom,event,,wp map; 45 clicks; auto
wp_map,http://mamago.local:3000/events/nochnoj-open-ejr-kupala-fest,http://mamago.local:3000/minsk/events/nochnoj-open-ejr-kupala-fest,event,,wp map; 45 clicks; auto
wp_map,http://mamago.local:3000/events/holydays/maslenicza-v-zagorodnom-komplekse-syabry,http://mamago.local:3000/minsk/events/maslenicza-v-zagorodnom-komplekse-syabry,event,,wp map; 45 clicks; auto
wp_map,http://mamago.local:3000/events/maslenica-na-narochi,http://mamago.local:3000/minsk/events/maslenica-na-narochi,event,,wp map; 45 clicks; auto
wp_map,http://mamago.local:3000/events/malenkij-princz,http://mamago.local:3000/minsk/events/malenkij-princz,event,,wp map; 44 clicks; auto
wp_map,http://mamago.local:3000/events/vystavka-retrotehniki-truck-bus-tractor-show,http://mamago.local:3000/minsk/events/vystavka-retrotehniki-truck-bus-tractor-show,event,,wp map; 44 clicks; auto
wp_map,http://mamago.local:3000/events/vystavka-avtoepoha,http://mamago.local:3000/minsk/events/vystavka-avtoepoha,event,,wp map; 43 clicks; auto
wp_map,http://mamago.local:3000/events/novogodnyaya-vystavka-yarmarka-charoўny-mlyn,http://mamago.local:3000/minsk/events/novogodnyaya-vystavka-yarmarka-charoўny-mlyn,event,,wp map; 43 clicks; auto
wp_map,http://mamago.local:3000/events/festival-zhivotnyh-hvostatyj-dvor,http://mamago.local:3000/minsk/events/festival-zhivotnyh-hvostatyj-dvor,event,,wp map; 43 clicks; auto
wp_map,http://mamago.local:3000/events/avtomobilnyj-festival-autocult-fest,http://mamago.local:3000/minsk/events/avtomobilnyj-festival-autocult-fest,event,,wp map; 43 clicks; auto
wp_map,http://mamago.local:3000/events/prazdnik-kids-day-v-logojske,http://mamago.local:3000/minsk/events/prazdnik-kids-day-v-logojske,event,,wp map; 43 clicks; auto
wp_map,http://mamago.local:3000/events/semejnoe-razvlekatelnoe-shou-piraty-minskogo-morya,http://mamago.local:3000/minsk/events/semejnoe-razvlekatelnoe-shou-piraty-minskogo-morya,event,,wp map; 43 clicks; auto
wp_map,http://mamago.local:3000/events/kafe-de-mari-kulinarnye-master-klassy,http://mamago.local:3000/minsk/events/kafe-de-mari-kulinarnye-master-klassy,event,,wp map; 43 clicks; auto
wp_map,http://mamago.local:3000/novaya-zona-otdyha-garmoniya-i-gorod,http://mamago.local:3000/minsk/blog/novaya-zona-otdyha-garmoniya-i-gorod,article,,wp map; 43 clicks; auto
wp_map,http://mamago.local:3000/events/vystavka-yarmarka-charoўny-mlyn,http://mamago.local:3000/minsk/events/vystavka-yarmarka-charoўny-mlyn,event,,wp map; 42 clicks; auto
wp_map,http://mamago.local:3000/events/razvlekatelnaja-programma-veselyj-siti-kids,http://mamago.local:3000/minsk/events/razvlekatelnaja-programma-veselyj-siti-kids,event,,wp map; 42 clicks; auto
wp_map,http://mamago.local:3000/events/29-j-respublikanskij-festival-komand-kvn,http://mamago.local:3000/minsk/events/29-j-respublikanskij-festival-komand-kvn,event,,wp map; 42 clicks; auto
wp_map,http://mamago.local:3000/pervaya-v-belarusi-shkola-talantov-v-novoy-borovoy,http://mamago.local:3000/minsk/blog/pervaya-v-belarusi-shkola-talantov-v-novoy-borovoy,article,,wp map; 42 clicks; auto
wp_map,http://mamago.local:3000/events/prazdnik-kupale-v-stankovo,http://mamago.local:3000/minsk/events/prazdnik-kupale-v-stankovo,event,,wp map; 42 clicks; auto
wp_map,http://mamago.local:3000/events/gorodskoj-piknik-good-day,http://mamago.local:3000/minsk/events/gorodskoj-piknik-good-day,event,,wp map; 42 clicks; auto
wp_map,http://mamago.local:3000/dom-rozhdestva-polnoe-pogruzhenie,http://mamago.local:3000/minsk/blog/dom-rozhdestva-polnoe-pogruzhenie,article,,wp map; 41 clicks; auto
wp_map,http://mamago.local:3000/events/vystavka-tbt-show-2025,http://mamago.local:3000/minsk/events/vystavka-tbt-show-2025,event,,wp map; 41 clicks; auto
wp_map,http://mamago.local:3000/events/kupale-v-kafe-ptich,http://mamago.local:3000/minsk/events/kupale-v-kafe-ptich,event,,wp map; 41 clicks; auto
wp_map,http://mamago.local:3000/events/bolshoj-koncert-v-parke-im-m-gorkogo-itogi-akcii-soberem-portfel-vmeste,http://mamago.local:3000/minsk/events/bolshoj-koncert-v-parke-im-m-gorkogo-itogi-akcii-soberem-portfel-vmeste,event,,wp map; 41 clicks; auto
wp_map,http://mamago.local:3000/events/yarmarka-novogodnih-razvlechenij-v-severnom-berege,http://mamago.local:3000/minsk/events/yarmarka-novogodnih-razvlechenij-v-severnom-berege,event,,wp map; 41 clicks; auto
wp_map,http://mamago.local:3000/events/rozhdestvenskij-branch-v-restorane-ember,http://mamago.local:3000/minsk/events/rozhdestvenskij-branch-v-restorane-ember,event,,wp map; 41 clicks; auto
wp_map,http://mamago.local:3000/events/shou-s-orkestrom-rozhdestvenskie-i-novogodnie-melodii,http://mamago.local:3000/minsk/events/shou-s-orkestrom-rozhdestvenskie-i-novogodnie-melodii,event,,wp map; 40 clicks; auto
wp_map,http://mamago.local:3000/events/festival-yarmarka-smorgonskie-baranki,http://mamago.local:3000/minsk/events/festival-yarmarka-smorgonskie-baranki,event,,wp map; 40 clicks; auto
wp_map,http://mamago.local:3000/events/detskie-spektakli/maslenichnye-vyhodnye-v-minske,http://mamago.local:3000/minsk/events/maslenichnye-vyhodnye-v-minske,event,,wp map; 40 clicks; auto
wp_map,http://mamago.local:3000/events/vyhodnye-v-tcz-senicza,http://mamago.local:3000/minsk/events/vyhodnye-v-tcz-senicza,event,,wp map; 40 clicks; auto
wp_map,http://mamago.local:3000/events/konczert-v-temnote-muzyka-zabytyh-pisem,http://mamago.local:3000/minsk/events/konczert-v-temnote-muzyka-zabytyh-pisem,event,,wp map; 40 clicks; auto
wp_map,http://mamago.local:3000/events/monospektakl-grazhdanin-luny,http://mamago.local:3000/minsk/events/monospektakl-grazhdanin-luny,event,,wp map; 40 clicks; auto
wp_map,http://mamago.local:3000/events/novogodnij-spektakl-s-novym-godikom,http://mamago.local:3000/minsk/events/novogodnij-spektakl-s-novym-godikom,event,,wp map; 39 clicks; auto
wp_map,http://mamago.local:3000/events/vyalikiya-kalyady-ў-prastory-eho,http://mamago.local:3000/minsk/events/vyalikiya-kalyady-ў-prastory-eho,event,,wp map; 39 clicks; auto
wp_map,http://mamago.local:3000/events/bjebi-spektakl-kivi,http://mamago.local:3000/minsk/events/bjebi-spektakl-kivi,event,,wp map; 39 clicks; auto
wp_map,http://mamago.local:3000/events/festival-ognja-feniks,http://mamago.local:3000/minsk/events/festival-ognja-feniks,event,,wp map; 38 clicks; auto
wp_map,http://mamago.local:3000/events/festival-kupalskie-ogni,http://mamago.local:3000/minsk/events/festival-kupalskie-ogni,event,,wp map; 38 clicks; auto
wp_map,http://mamago.local:3000/devichnik-idei-dlya-meropriyatiya-v-zhenskoj-kompanii-ili-devochkovogo-dnya-rozhdeniya,http://mamago.local:3000/minsk/blog/devichnik-idei-dlya-meropriyatiya-v-zhenskoj-kompanii-ili-devochkovogo-dnya-rozhdeniya,article,,wp map; 38 clicks; auto
wp_map,http://mamago.local:3000/events/blagotvoritelnyj-proekt-vasilkovyj-bal,http://mamago.local:3000/minsk/events/blagotvoritelnyj-proekt-vasilkovyj-bal,event,,wp map; 38 clicks; auto
wp_map,http://mamago.local:3000/events/proekt-vystavka-noch-v-muzee-morozhenogo-i-sladostej,http://mamago.local:3000/minsk/events/proekt-vystavka-noch-v-muzee-morozhenogo-i-sladostej,event,,wp map; 38 clicks; auto
wp_map,http://mamago.local:3000/events/prazdnik-detstva,http://mamago.local:3000/minsk/events/prazdnik-detstva,event,,wp map; 38 clicks; auto
wp_map,http://mamago.local:3000/events/socialnyj-proekt-shkola-vozhdenija-jelektrosamokatov,http://mamago.local:3000/minsk/events/socialnyj-proekt-shkola-vozhdenija-jelektrosamokatov,event,,wp map; 38 clicks; auto
wp_map,http://mamago.local:3000/events/prazdnik-kupalskie-tajny,http://mamago.local:3000/minsk/events/prazdnik-kupalskie-tajny,event,,wp map; 37 clicks; auto
wp_map,http://mamago.local:3000/events/9-maya-v-lejksajd-park,http://mamago.local:3000/minsk/events/9-maya-v-lejksajd-park,event,,wp map; 37 clicks; auto
wp_map,http://mamago.local:3000/events/spektakl-ljubov-i-golubi,http://mamago.local:3000/minsk/events/spektakl-ljubov-i-golubi,event,,wp map; 36 clicks; auto
wp_map,http://mamago.local:3000/events/pervyj-semejnyj-festival-mamago-krugosvetka,http://mamago.local:3000/minsk/events/pervyj-semejnyj-festival-mamago-krugosvetka,event,,wp map; 36 clicks; auto
wp_map,http://mamago.local:3000/events/festival-kamernoj-muzyki-njasvizh-da-nina-i-suchasnasc,http://mamago.local:3000/minsk/events/festival-kamernoj-muzyki-njasvizh-da-nina-i-suchasnasc,event,,wp map; 36 clicks; auto
wp_map,http://mamago.local:3000/events/luchshaja-ulica-afisha-na-nedelju-3,http://mamago.local:3000/minsk/events/luchshaja-ulica-afisha-na-nedelju-3,event,,wp map; 36 clicks; auto
wp_map,http://mamago.local:3000/events/konczert-v-temnote-vozmi-moe-serdcze,http://mamago.local:3000/minsk/events/konczert-v-temnote-vozmi-moe-serdcze,event,,wp map; 36 clicks; auto
wp_map,http://mamago.local:3000/age/17,http://mamago.local:3000/minsk,age,,wp map; 36 clicks; auto
wp_map,http://mamago.local:3000/events/unikalnaya-trenirovka-stick-rock,http://mamago.local:3000/minsk/events/unikalnaya-trenirovka-stick-rock,event,,wp map; 36 clicks; auto
wp_map,http://mamago.local:3000/events/vecherinka-halloween-party,http://mamago.local:3000/minsk/events/vecherinka-halloween-party,event,,wp map; 36 clicks; auto
wp_map,http://mamago.local:3000/events/festival-korotkometrazhnogo-kino-manhattan-short,http://mamago.local:3000/minsk/events/festival-korotkometrazhnogo-kino-manhattan-short,event,,wp map; 35 clicks; auto
wp_map,http://mamago.local:3000/breakingnews/skoro-otkrytie-kafe-s-goryachej-edoj-i-igrovoj-na-bogdanovicha,http://mamago.local:3000/blog/skoro-otkrytie-kafe-s-goryachej-edoj-i-igrovoj-na-bogdanovicha,breakingnews,,wp map; 35 clicks; auto
wp_map,http://mamago.local:3000/detskie-mesta/restorany-s-detskoy-zonoy,http://mamago.local:3000/minsk,place-category,,wp map; 35 clicks; auto
wp_map,http://mamago.local:3000/events/festival-gorod-professij-bukids,http://mamago.local:3000/minsk/events/festival-gorod-professij-bukids,event,,wp map; 35 clicks; auto
wp_map,http://mamago.local:3000/events/glavnaya-yolochka-strany-chudesa-bez-volshebstva,http://mamago.local:3000/minsk/events/glavnaya-yolochka-strany-chudesa-bez-volshebstva,event,,wp map; 35 clicks; auto
wp_map,http://mamago.local:3000/events/zanyatie-jogoj-ot-posolstva-indii,http://mamago.local:3000/minsk/events/zanyatie-jogoj-ot-posolstva-indii,event,,wp map; 35 clicks; auto
wp_map,http://mamago.local:3000/gde-podayut-trendovyh-kotikov-iz-tiktok,http://mamago.local:3000/minsk/blog/gde-podayut-trendovyh-kotikov-iz-tiktok,article,,wp map; 35 clicks; auto
wp_map,http://mamago.local:3000/events/sochnyj-sezon-limonarija-v-botanicheskom-sadu,http://mamago.local:3000/minsk/events/sochnyj-sezon-limonarija-v-botanicheskom-sadu,event,,wp map; 34 clicks; auto
wp_map,http://mamago.local:3000/events/muzykalnye-predstavlenija/myuzikl-devchata,http://mamago.local:3000/minsk/events/myuzikl-devchata,event,,wp map; 34 clicks; auto
wp_map,http://mamago.local:3000/chem-zanyatsya-na-novogodnih-kanikulah,http://mamago.local:3000/minsk/blog/chem-zanyatsya-na-novogodnih-kanikulah,article,,wp map; 34 clicks; auto
wp_map,http://mamago.local:3000/events/teatr-vozduh-afisha-na-dekabr,http://mamago.local:3000/minsk/events/teatr-vozduh-afisha-na-dekabr,event,,wp map; 34 clicks; auto
wp_map,http://mamago.local:3000/events/kinoprosmotr-pod-otkrytym-nebom-v-eho-dvore,http://mamago.local:3000/minsk/events/kinoprosmotr-pod-otkrytym-nebom-v-eho-dvore,event,,wp map; 34 clicks; auto
wp_map,http://mamago.local:3000/breakingnews/1-ya-beregovaya-v-severnom-berege-3000-za-kv-m,http://mamago.local:3000/blog/1-ya-beregovaya-v-severnom-berege-3000-za-kv-m,breakingnews,,wp map; 34 clicks; auto
wp_map,http://mamago.local:3000/events/muzykalnye-predstavlenija/vechera-dzhaza-v-minske,http://mamago.local:3000/minsk/events/vechera-dzhaza-v-minske,event,,wp map; 34 clicks; auto
wp_map,http://mamago.local:3000/events/master-klassy-dlya-detej/master-klass-po-keramike-obvesy-na-sumku,http://mamago.local:3000/minsk/events/master-klass-po-keramike-obvesy-na-sumku,event,,wp map; 34 clicks; auto
wp_map,http://mamago.local:3000/events/exhibitions-and-museums/immersivnaya-vystavka-nebo-reka-planeta-posle-shuma,http://mamago.local:3000/minsk/events/immersivnaya-vystavka-nebo-reka-planeta-posle-shuma,event,,wp map; 33 clicks; auto
wp_map,http://mamago.local:3000/events/festivale-nesvizhskaja-fortecija-2024,http://mamago.local:3000/minsk/events/festivale-nesvizhskaja-fortecija-2024,event,,wp map; 33 clicks; auto
wp_map,http://mamago.local:3000/events/1j-etap-chempionata-belarusi-po-driftingu-drift-vs-drag,http://mamago.local:3000/minsk/events/1j-etap-chempionata-belarusi-po-driftingu-drift-vs-drag,event,,wp map; 33 clicks; auto
wp_map,http://mamago.local:3000/events/rozhdestvenskaya-yarmarka-kalyadny-kirmash,http://mamago.local:3000/minsk/events/rozhdestvenskaya-yarmarka-kalyadny-kirmash,event,,wp map; 33 clicks; auto
wp_map,http://mamago.local:3000/events/Тайны-прошлого-Бункер-77-и-усадьба-Четвертинских,http://mamago.local:3000/minsk/events/Тайны-прошлого-Бункер-77-и-усадьба-Четвертинских,event,,wp map; 33 clicks; auto
wp_map,http://mamago.local:3000/events/muzykoterapiya-dzen-premera-konczert-pod-otkrytym-nebom,http://mamago.local:3000/minsk/events/muzykoterapiya-dzen-premera-konczert-pod-otkrytym-nebom,event,,wp map; 33 clicks; auto
wp_map,http://mamago.local:3000/events/detskaya-karaoke-vecherinka,http://mamago.local:3000/minsk/events/detskaya-karaoke-vecherinka,event,,wp map; 33 clicks; auto
wp_map,http://mamago.local:3000/specialists/podobedova-tatyana-aleksandrovna,http://mamago.local:3000/minsk,specialists,,wp map; 33 clicks; auto
wp_map,http://mamago.local:3000/events/exhibitions-and-museums/za-predelami-kalejdoskopa,http://mamago.local:3000/minsk/events/za-predelami-kalejdoskopa,event,,wp map; 33 clicks; auto
wp_map,http://mamago.local:3000/events/prazdnichnyj-bal-odnazhdy-na-rozhdestvo,http://mamago.local:3000/minsk/events/prazdnichnyj-bal-odnazhdy-na-rozhdestvo,event,,wp map; 32 clicks; auto
wp_map,http://mamago.local:3000/events/teatr-zhirafa-afisha-na-oktjabr,http://mamago.local:3000/minsk/events/teatr-zhirafa-afisha-na-oktjabr,event,,wp map; 32 clicks; auto
wp_map,http://mamago.local:3000/events/exhibitions-and-museums/konkurs-ledyanyh-i-snezhnyh-figur-zimnyaya-skazka,http://mamago.local:3000/minsk/events/konkurs-ledyanyh-i-snezhnyh-figur-zimnyaya-skazka,event,,wp map; 32 clicks; auto
wp_map,http://mamago.local:3000/events/holydays/maslenicza-v-botanicheskom-sadu,http://mamago.local:3000/minsk/events/maslenicza-v-botanicheskom-sadu,event,,wp map; 31 clicks; auto
wp_map,http://mamago.local:3000/events/classic-energy-sensation,http://mamago.local:3000/minsk/events/classic-energy-sensation,event,,wp map; 31 clicks; auto
wp_map,http://mamago.local:3000/events/vystavka-viva-kola-art,http://mamago.local:3000/minsk/events/vystavka-viva-kola-art,event,,wp map; 31 clicks; auto
wp_map,http://mamago.local:3000/kuda-shodit-v-minske-novye-mesta-oseni-2024,http://mamago.local:3000/minsk/blog/kuda-shodit-v-minske-novye-mesta-oseni-2024,article,,wp map; 31 clicks; auto
wp_map,http://mamago.local:3000/events/vystavka-samye-zagadochnye-kartiny-mira,http://mamago.local:3000/minsk/events/vystavka-samye-zagadochnye-kartiny-mira,event,,wp map; 31 clicks; auto
wp_map,http://mamago.local:3000/events/prazdnik-noch-na-ivana-kupala,http://mamago.local:3000/minsk/events/prazdnik-noch-na-ivana-kupala,event,,wp map; 31 clicks; auto
wp_map,http://mamago.local:3000/events/cinema/festival-rossijskogo-kino-belarus-2026,http://mamago.local:3000/minsk/events/festival-rossijskogo-kino-belarus-2026,event,,wp map; 31 clicks; auto
wp_map,http://mamago.local:3000/events/karnaval-burning-minsk-preljudija-berning-minsk,http://mamago.local:3000/minsk/events/karnaval-burning-minsk-preljudija-berning-minsk,event,,wp map; 31 clicks; auto
wp_map,http://mamago.local:3000/age/11,http://mamago.local:3000/minsk,age,,wp map; 31 clicks; auto
wp_map,http://mamago.local:3000/events/spektakl-princz-i-chudovishhe,http://mamago.local:3000/minsk/events/spektakl-princz-i-chudovishhe,event,,wp map; 31 clicks; auto
wp_map,http://mamago.local:3000/events/holydays/maslenicza-v-outleto,http://mamago.local:3000/minsk/events/maslenicza-v-outleto,event,,wp map; 31 clicks; auto
wp_map,http://mamago.local:3000/events/rozhdestvenskaya-blagotvoritelnaya-yarmarka-v-minske,http://mamago.local:3000/minsk/events/rozhdestvenskaya-blagotvoritelnaya-yarmarka-v-minske,event,,wp map; 31 clicks; auto
wp_map,http://mamago.local:3000/events/glavnaya-vystavka-strany-posvyashhennaya-80-letiyu-pobedy-sovetskogo-naroda-v-velikoj-otechestvennoj-vojne,http://mamago.local:3000/minsk/events/glavnaya-vystavka-strany-posvyashhennaya-80-letiyu-pobedy-sovetskogo-naroda-v-velikoj-otechestvennoj-vojne,event,,wp map; 31 clicks; auto
wp_map,http://mamago.local:3000/events/bolshoj-gorodskoj-piknik-vulitsa-ezha-vulica-ezha,http://mamago.local:3000/minsk/events/bolshoj-gorodskoj-piknik-vulitsa-ezha-vulica-ezha,event,,wp map; 30 clicks; auto
wp_map,http://mamago.local:3000/events/festival-colorfest-kolorfest,http://mamago.local:3000/minsk/events/festival-colorfest-kolorfest,event,,wp map; 30 clicks; auto
wp_map,http://mamago.local:3000/events/interaktivnyj-bebi-spektakl-lev-i-ptichka,http://mamago.local:3000/minsk/events/interaktivnyj-bebi-spektakl-lev-i-ptichka,event,,wp map; 30 clicks; auto
wp_map,http://mamago.local:3000/events/kinopokazy-v-letnem-dvorike-dvorcza-iskusstva,http://mamago.local:3000/minsk/events/kinopokazy-v-letnem-dvorike-dvorcza-iskusstva,event,,wp map; 30 clicks; auto
wp_map,http://mamago.local:3000/vesennie-lagerya,http://mamago.local:3000/minsk/blog/vesennie-lagerya,article,,wp map; 30 clicks; auto
wp_map,http://mamago.local:3000/events/festival-vozdushnyh-zmeev,http://mamago.local:3000/minsk/events/festival-vozdushnyh-zmeev,event,,wp map; 30 clicks; auto
wp_map,http://mamago.local:3000/events/konczert-v-temnote-vozmi-moe-serdcze-2,http://mamago.local:3000/minsk/events/konczert-v-temnote-vozmi-moe-serdcze-2,event,,wp map; 30 clicks; auto
wp_map,http://mamago.local:3000/events/exhibitions-and-museums/art-prostranstvo-karta-dushi,http://mamago.local:3000/minsk/events/art-prostranstvo-karta-dushi,event,,wp map; 30 clicks; auto
wp_map,http://mamago.local:3000/pervyy-raz-v-pervyy-klass-gde-uspet-podgotovit-rebyonka-k-shkole,http://mamago.local:3000/minsk/blog/pervyy-raz-v-pervyy-klass-gde-uspet-podgotovit-rebyonka-k-shkole,article,,wp map; 30 clicks; auto
wp_map,http://mamago.local:3000/events/kulinarnyj-master-klass-piczcza-2,http://mamago.local:3000/minsk/events/kulinarnyj-master-klass-piczcza-2,event,,wp map; 30 clicks; auto
wp_map,http://mamago.local:3000/events/kreshhenskie-okunaniya-na-stadione-dinamo,http://mamago.local:3000/minsk/events/kreshhenskie-okunaniya-na-stadione-dinamo,event,,wp map; 30 clicks; auto
wp_map,http://mamago.local:3000/events/chellendzh-pati,http://mamago.local:3000/minsk/events/chellendzh-pati,event,,wp map; 30 clicks; auto
wp_map,http://mamago.local:3000/events/master-klass-po-biseropleteniju,http://mamago.local:3000/minsk/events/master-klass-po-biseropleteniju,event,,wp map; 30 clicks; auto
wp_map,http://mamago.local:3000/events/belaz-fest-2024,http://mamago.local:3000/minsk/events/belaz-fest-2024,event,,wp map; 29 clicks; auto
wp_map,http://mamago.local:3000/events/festival-meksikanskoj-kultury,http://mamago.local:3000/minsk/events/festival-meksikanskoj-kultury,event,,wp map; 29 clicks; auto
wp_map,http://mamago.local:3000/events/kukla-vystavka-kukol-i-mishek-teddi-circus,http://mamago.local:3000/minsk/events/kukla-vystavka-kukol-i-mishek-teddi-circus,event,,wp map; 29 clicks; auto
wp_map,http://mamago.local:3000/events/festival-istorii-i-kultury-mensk-starazhytny-2024,http://mamago.local:3000/minsk/events/festival-istorii-i-kultury-mensk-starazhytny-2024,event,,wp map; 29 clicks; auto
wp_map,http://mamago.local:3000/events/semejnoe-puteshestvie-tajny-proshlogo-bunker-77-i-usadba-chetvertinskih,http://mamago.local:3000/minsk/events/semejnoe-puteshestvie-tajny-proshlogo-bunker-77-i-usadba-chetvertinskih,event,,wp map; 29 clicks; auto
wp_map,http://mamago.local:3000/events/gorodskoj-festival-dreamfest-cvetnoe-bezumie,http://mamago.local:3000/minsk/events/gorodskoj-festival-dreamfest-cvetnoe-bezumie,event,,wp map; 29 clicks; auto
wp_map,http://mamago.local:3000/events/labubu-vecherinka-na-fudmole-konkors,http://mamago.local:3000/minsk/events/labubu-vecherinka-na-fudmole-konkors,event,,wp map; 29 clicks; auto
wp_map,http://mamago.local:3000/events/prazdnik-den-rozhdenija-lakeside-picnic,http://mamago.local:3000/minsk/events/prazdnik-den-rozhdenija-lakeside-picnic,event,,wp map; 29 clicks; auto
wp_map,http://mamago.local:3000/chem-zanyatsya-na-osennih-kanikulah,http://mamago.local:3000/minsk/blog/chem-zanyatsya-na-osennih-kanikulah,article,,wp map; 29 clicks; auto
wp_map,http://mamago.local:3000/events/paleontologiya,http://mamago.local:3000/minsk/events/paleontologiya,event,,wp map; 29 clicks; auto
wp_map,http://mamago.local:3000/breakingnews/zimnyaya-yarmarka-na-luchshej-ulicze,http://mamago.local:3000/blog/zimnyaya-yarmarka-na-luchshej-ulicze,breakingnews,,wp map; 29 clicks; auto
wp_map,http://mamago.local:3000/events/inklyuzivnyj-festival-my-nuzhny-drug-drugu,http://mamago.local:3000/minsk/events/inklyuzivnyj-festival-my-nuzhny-drug-drugu,event,,wp map; 29 clicks; auto
wp_map,http://mamago.local:3000/events/vystavka-gameexpo-unicon-2025,http://mamago.local:3000/minsk/events/vystavka-gameexpo-unicon-2025,event,,wp map; 28 clicks; auto
wp_map,http://mamago.local:3000/events/gala-konczert-pesnya-goda-belarusi,http://mamago.local:3000/minsk/events/gala-konczert-pesnya-goda-belarusi,event,,wp map; 28 clicks; auto
wp_map,http://mamago.local:3000/events/vystavka-czifrovyh-tehnologij-digital-expo-2025,http://mamago.local:3000/minsk/events/vystavka-czifrovyh-tehnologij-digital-expo-2025,event,,wp map; 28 clicks; auto
wp_map,http://mamago.local:3000/events/sula-birfest,http://mamago.local:3000/minsk/events/sula-birfest,event,,wp map; 28 clicks; auto
wp_map,http://mamago.local:3000/events/prazdnichnoe-meroprijatie-pervoklassnyj-prazdnik,http://mamago.local:3000/minsk/events/prazdnichnoe-meroprijatie-pervoklassnyj-prazdnik,event,,wp map; 28 clicks; auto
wp_map,http://mamago.local:3000/events/kupale-v-falvarke-kupala,http://mamago.local:3000/minsk/events/kupale-v-falvarke-kupala,event,,wp map; 28 clicks; auto
wp_map,http://mamago.local:3000/events/unikalnoe-meropriyatie-karta-zhelanij,http://mamago.local:3000/minsk/events/unikalnoe-meropriyatie-karta-zhelanij,event,,wp map; 28 clicks; auto
wp_map,http://mamago.local:3000/events/den-otkrytyh-dverej-na-traktornom-zavode,http://mamago.local:3000/minsk/events/den-otkrytyh-dverej-na-traktornom-zavode,event,,wp map; 27 clicks; auto
wp_map,http://mamago.local:3000/events/festival-gorod-professij-bukids-bookids,http://mamago.local:3000/minsk/events/festival-gorod-professij-bukids-bookids,event,,wp map; 27 clicks; auto
wp_map,http://mamago.local:3000/events/jekskursii-po-jekoparku-akvarel,http://mamago.local:3000/minsk/events/jekskursii-po-jekoparku-akvarel,event,,wp map; 27 clicks; auto
wp_map,http://mamago.local:3000/events/illyuzionnoe-shou-ili-kahnovicha-czirk-illyuzij-velichajshij-volshebnik,http://mamago.local:3000/minsk/events/illyuzionnoe-shou-ili-kahnovicha-czirk-illyuzij-velichajshij-volshebnik,event,,wp map; 27 clicks; auto
wp_map,http://mamago.local:3000/events/prazdnik-kupale-aleksandrija-sobiraet-druzej,http://mamago.local:3000/minsk/events/prazdnik-kupale-aleksandrija-sobiraet-druzej,event,,wp map; 27 clicks; auto
wp_map,http://mamago.local:3000/events/open-air-festival-kinemo-2024,http://mamago.local:3000/minsk/events/open-air-festival-kinemo-2024,event,,wp map; 27 clicks; auto
wp_map,http://mamago.local:3000/events/idealnyj-uikend-na-plyazhe-druzya,http://mamago.local:3000/minsk/events/idealnyj-uikend-na-plyazhe-druzya,event,,wp map; 27 clicks; auto
wp_map,http://mamago.local:3000/events/zakrytie-sezona-vintage-lovers-weekend,http://mamago.local:3000/minsk/events/zakrytie-sezona-vintage-lovers-weekend,event,,wp map; 27 clicks; auto
wp_map,http://mamago.local:3000/olga-zhadeeva-lyubimye-mesta,http://mamago.local:3000/minsk/blog/olga-zhadeeva-lyubimye-mesta,article,,wp map; 27 clicks; auto
wp_map,http://mamago.local:3000/events/detskij-balet-skazka-dyujmovochka,http://mamago.local:3000/minsk/events/detskij-balet-skazka-dyujmovochka,event,,wp map; 27 clicks; auto
wp_map,http://mamago.local:3000/events/jarmarka-sapra-dny-market,http://mamago.local:3000/minsk/events/jarmarka-sapra-dny-market,event,,wp map; 27 clicks; auto
wp_map,http://mamago.local:3000/events/master-klass-novogodnie-igrushki,http://mamago.local:3000/minsk/events/master-klass-novogodnie-igrushki,event,,wp map; 27 clicks; auto
wp_map,http://mamago.local:3000/breakingnews/semejnaya-banya-v-minske,http://mamago.local:3000/blog/semejnaya-banya-v-minske,breakingnews,,wp map; 27 clicks; auto
wp_map,http://mamago.local:3000/events/hudozhestvennyj-proekt-tri-sashi,http://mamago.local:3000/minsk/events/hudozhestvennyj-proekt-tri-sashi,event,,wp map; 27 clicks; auto
wp_map,http://mamago.local:3000/specialists/vlad-orjol,http://mamago.local:3000/minsk,specialists,,wp map; 27 clicks; auto
wp_map,http://mamago.local:3000/events/multfilm-gadkij-ja-4,http://mamago.local:3000/minsk/events/multfilm-gadkij-ja-4,event,,wp map; 26 clicks; auto
wp_map,http://mamago.local:3000/events/myuzikl-opasnye-svyazi,http://mamago.local:3000/minsk/events/myuzikl-opasnye-svyazi,event,,wp map; 26 clicks; auto
wp_map,http://mamago.local:3000/events/festival-pets-fest-2,http://mamago.local:3000/minsk/events/festival-pets-fest-2,event,,wp map; 26 clicks; auto
wp_map,http://mamago.local:3000/events/interaktivnoe-predstavlenie-holodnoe-serdce,http://mamago.local:3000/minsk/events/interaktivnoe-predstavlenie-holodnoe-serdce,event,,wp map; 26 clicks; auto
wp_map,http://mamago.local:3000/events/vkusnyj-fest-v-sule,http://mamago.local:3000/minsk/events/vkusnyj-fest-v-sule,event,,wp map; 26 clicks; auto
wp_map,http://mamago.local:3000/events/fiksi-shou-fiksiki-novye-tajny,http://mamago.local:3000/minsk/events/fiksi-shou-fiksiki-novye-tajny,event,,wp map; 26 clicks; auto
wp_map,http://mamago.local:3000/events/semejnyj-razvlekatelnyj-festival-family-fest,http://mamago.local:3000/minsk/events/semejnyj-razvlekatelnyj-festival-family-fest,event,,wp map; 26 clicks; auto
wp_map,http://mamago.local:3000/events/skazka-interaktiv-istoriya-farforovogo-krolika,http://mamago.local:3000/minsk/events/skazka-interaktiv-istoriya-farforovogo-krolika,event,,wp map; 26 clicks; auto
wp_map,http://mamago.local:3000/events/festivals/knizhnyj-festival-revyu,http://mamago.local:3000/minsk/events/knizhnyj-festival-revyu,event,,wp map; 26 clicks; auto
wp_map,http://mamago.local:3000/events/detskij-prazdnik-more-sokrovishh,http://mamago.local:3000/minsk/events/detskij-prazdnik-more-sokrovishh,event,,wp map; 26 clicks; auto
wp_map,http://mamago.local:3000/events/kubok-sodruzhestva-2024-mezhdunarodnaja-vystavka-koshek-i-kotjat,http://mamago.local:3000/minsk/events/kubok-sodruzhestva-2024-mezhdunarodnaja-vystavka-koshek-i-kotjat,event,,wp map; 25 clicks; auto
wp_map,http://mamago.local:3000/events/shou-simfonicheskogo-orkestra-imperal-orchestra-cinema-medley,http://mamago.local:3000/minsk/events/shou-simfonicheskogo-orkestra-imperal-orchestra-cinema-medley,event,,wp map; 25 clicks; auto
wp_map,http://mamago.local:3000/mama-ya-sam-ferma,http://mamago.local:3000/minsk/blog/mama-ja-sam-ferma-luchshee-mesto-dlja-vsej-semi,article,,wp map; 25 clicks; auto
wp_map,http://mamago.local:3000/events/novogodnyaya-yarmarka,http://mamago.local:3000/minsk/events/novogodnyaya-yarmarka,event,,wp map; 25 clicks; auto
wp_map,http://mamago.local:3000/events/festival-slavjanskoj-mifologii-shljah-cmoka-put-cmoka-tsmok-s-way,http://mamago.local:3000/minsk/events/festival-slavjanskoj-mifologii-shljah-cmoka-put-cmoka-tsmok-s-way,event,,wp map; 25 clicks; auto
wp_map,http://mamago.local:3000/events/meropriyatie-eksperiment-626-sinyaya-vecherinka,http://mamago.local:3000/minsk/events/meropriyatie-eksperiment-626-sinyaya-vecherinka,event,,wp map; 25 clicks; auto
wp_map,http://mamago.local:3000/events/rozhdestvenskaya-yarmarka-v-novoj-borovoj,http://mamago.local:3000/minsk/events/rozhdestvenskaya-yarmarka-v-novoj-borovoj,event,,wp map; 25 clicks; auto
wp_map,http://mamago.local:3000/events/noch-uzhasov-v-kinoteatre-saljut,http://mamago.local:3000/minsk/events/noch-uzhasov-v-kinoteatre-saljut,event,,wp map; 25 clicks; auto
wp_map,http://mamago.local:3000/events/vechera-muzykalnogo-teatra-peterburgskaya-operetta-v-zamke-radzivillov-operetta-koroleva-chardasha-silva,http://mamago.local:3000/minsk/events/vechera-muzykalnogo-teatra-peterburgskaya-operetta-v-zamke-radzivillov-operetta-koroleva-chardasha-silva,event,,wp map; 25 clicks; auto
wp_map,http://mamago.local:3000/events/razvlekatelnaja-programma-s-master-klassami-dlja-vsej-semi,http://mamago.local:3000/minsk/events/razvlekatelnaja-programma-s-master-klassami-dlja-vsej-semi,event,,wp map; 25 clicks; auto
wp_map,http://mamago.local:3000/events/master-klassy-po-keramike,http://mamago.local:3000/minsk/events/master-klassy-po-keramike,event,,wp map; 25 clicks; auto
wp_map,http://mamago.local:3000/events/detskie-kulinarnye-master-klassy,http://mamago.local:3000/minsk/events/detskie-kulinarnye-master-klassy,event,,wp map; 25 clicks; auto
wp_map,http://mamago.local:3000/events/maslenica-v-nacionalnoj-biblioteke,http://mamago.local:3000/minsk/events/maslenica-v-nacionalnoj-biblioteke,event,,wp map; 25 clicks; auto
wp_map,http://mamago.local:3000/events/festival-detifest-dabl,http://mamago.local:3000/minsk/events/festival-detifest-dabl,event,,wp map; 24 clicks; auto
wp_map,http://mamago.local:3000/events/festival-ognya-feniks,http://mamago.local:3000/minsk/events/festival-ognya-feniks,event,,wp map; 24 clicks; auto
wp_map,http://mamago.local:3000/events/fotovystavka-dikaya-priroda-belarusi,http://mamago.local:3000/minsk/events/fotovystavka-dikaya-priroda-belarusi,event,,wp map; 24 clicks; auto
wp_map,http://mamago.local:3000/events/kupalle-craftmall-kupalle-kraftmol,http://mamago.local:3000/minsk/events/kupalle-craftmall-kupalle-kraftmol,event,,wp map; 24 clicks; auto
wp_map,http://mamago.local:3000/events/regionalnyj-prazdnik-narodnogo-tvorchestva-avgustovskij-kanal-priglashaet-druzej,http://mamago.local:3000/minsk/events/regionalnyj-prazdnik-narodnogo-tvorchestva-avgustovskij-kanal-priglashaet-druzej,event,,wp map; 24 clicks; auto
wp_map,http://mamago.local:3000/events/prazdnik-dlja-detej-i-dlja-vzroslyh-detifest-leto,http://mamago.local:3000/minsk/events/prazdnik-dlja-detej-i-dlja-vzroslyh-detifest-leto,event,,wp map; 24 clicks; auto
wp_map,http://mamago.local:3000/events/vystavochnyj-proekt-farba-lab-ogon-bosh,http://mamago.local:3000/minsk/events/vystavochnyj-proekt-farba-lab-ogon-bosh,event,,wp map; 24 clicks; auto
wp_map,http://mamago.local:3000/events/poslednij-seans-noch-dlya-lyubitelej-horror,http://mamago.local:3000/minsk/events/poslednij-seans-noch-dlya-lyubitelej-horror,event,,wp map; 24 clicks; auto
wp_map,http://mamago.local:3000/events/novogodnyaya-diskoteka-ot-radio-minsk,http://mamago.local:3000/minsk/events/novogodnyaya-diskoteka-ot-radio-minsk,event,,wp map; 24 clicks; auto
wp_map,http://mamago.local:3000/events/klassika-roka-dym-nad-vodoj-v-polnoj-temnote,http://mamago.local:3000/minsk/events/klassika-roka-dym-nad-vodoj-v-polnoj-temnote,event,,wp map; 24 clicks; auto
wp_map,http://mamago.local:3000/events/konczert-zhivoj-muzyki-v-polnoj-temnote-tanczy-na-steklah,http://mamago.local:3000/minsk/events/konczert-zhivoj-muzyki-v-polnoj-temnote-tanczy-na-steklah,event,,wp map; 24 clicks; auto
wp_map,http://mamago.local:3000/events/exhibitions-and-museums/vystavochnyj-proekt-dzhaz-koty-vesna,http://mamago.local:3000/minsk/events/vystavochnyj-proekt-dzhaz-koty-vesna,event,,wp map; 24 clicks; auto
wp_map,http://mamago.local:3000/events/lekcija-mify-drevnej-grecii-dlja-vzroslyh,http://mamago.local:3000/minsk/events/lekcija-mify-drevnej-grecii-dlja-vzroslyh,event,,wp map; 24 clicks; auto
wp_map,http://mamago.local:3000/breakingnews/vystavka-figurativnogo-suprematizma,http://mamago.local:3000/blog/vystavka-figurativnogo-suprematizma,breakingnews,,wp map; 24 clicks; auto
wp_map,http://mamago.local:3000/events/master-klass-ot-prjanichnoj-pryaniki,http://mamago.local:3000/minsk/events/master-klass-ot-prjanichnoj-pryaniki,event,,wp map; 24 clicks; auto
wp_map,http://mamago.local:3000/events/cinema/bolshoj-vesennij-market-v-prostranstve-eho,http://mamago.local:3000/minsk/events/bolshoj-vesennij-market-v-prostranstve-eho,event,,wp map; 24 clicks; auto
wp_map,http://mamago.local:3000/scenarios/weekend,http://mamago.local:3000/minsk,scenarios,,wp map; 23 clicks; auto
wp_map,http://mamago.local:3000/events/detskij-balet-shhelkunchik,http://mamago.local:3000/minsk/events/detskij-balet-shhelkunchik,event,,wp map; 23 clicks; auto
wp_map,http://mamago.local:3000/kuda-shodit-i-chem-udivit-14-go-fevralya-idei-podarkov-pro-emoczii-na-den-valentina-do-100-byn,http://mamago.local:3000/minsk/blog/kuda-shodit-i-chem-udivit-14-go-fevralya-idei-podarkov-pro-emoczii-na-den-valentina-do-100-byn,article,,wp map; 23 clicks; auto
wp_map,http://mamago.local:3000/events/tradiczionnyj-prazdnik-podarim-radost-detyam,http://mamago.local:3000/minsk/events/tradiczionnyj-prazdnik-podarim-radost-detyam,event,,wp map; 23 clicks; auto
wp_map,http://mamago.local:3000/prazdnuem-okonchanie-uchebnogo-goda-vsey-semey,http://mamago.local:3000/minsk/blog/prazdnuem-okonchanie-uchebnogo-goda-vsey-semey,article,,wp map; 23 clicks; auto
wp_map,http://mamago.local:3000/events/seriya-zhivopisnyh-master-klassov-speczialno-dlya-gostej-trcz-prizma,http://mamago.local:3000/minsk/events/seriya-zhivopisnyh-master-klassov-speczialno-dlya-gostej-trcz-prizma,event,,wp map; 23 clicks; auto
wp_map,http://mamago.local:3000/events/novogodnyaya-yarmarka-v-prostranstve-eho,http://mamago.local:3000/minsk/events/novogodnyaya-yarmarka-v-prostranstve-eho,event,,wp map; 23 clicks; auto
wp_map,http://mamago.local:3000/events/detskij-master-klass-mini-tort-mindalnyj-s-malinoj,http://mamago.local:3000/minsk/events/detskij-master-klass-mini-tort-mindalnyj-s-malinoj,event,,wp map; 23 clicks; auto
wp_map,http://mamago.local:3000/events/kupalskij-folk-festival-svjata-sonca,http://mamago.local:3000/minsk/events/kupalskij-folk-festival-svjata-sonca,event,,wp map; 22 clicks; auto
wp_map,http://mamago.local:3000/events/rozhdestvenskij-branch-v-pekin,http://mamago.local:3000/minsk/events/rozhdestvenskij-branch-v-pekin,event,,wp map; 22 clicks; auto
wp_map,http://mamago.local:3000/events/programma-znakomstvo-s-kupalskimi-tradicijami-v-sule,http://mamago.local:3000/minsk/events/programma-znakomstvo-s-kupalskimi-tradicijami-v-sule,event,,wp map; 22 clicks; auto
wp_map,http://mamago.local:3000/events/yarmarka-sovremennogo-iskusstva-off-museum-art-fair,http://mamago.local:3000/minsk/events/yarmarka-sovremennogo-iskusstva-off-museum-art-fair,event,,wp map; 22 clicks; auto
wp_map,http://mamago.local:3000/events/sportivnyj-prazdnik-pershy-rovar,http://mamago.local:3000/minsk/events/sportivnyj-prazdnik-pershy-rovar,event,,wp map; 22 clicks; auto
wp_map,http://mamago.local:3000/events/holydays/maslenicza-lenivicza-v-korobchiczah,http://mamago.local:3000/minsk/events/maslenicza-lenivicza-v-korobchiczah,event,,wp map; 22 clicks; auto
wp_map,http://mamago.local:3000/events/den-rozhdeniya-minskogo-zooparka-magicheskij-karnaval,http://mamago.local:3000/minsk/events/den-rozhdeniya-minskogo-zooparka-magicheskij-karnaval,event,,wp map; 22 clicks; auto
wp_map,http://mamago.local:3000/events/konczert-v-temnote-nastroenie-v-stile-rock,http://mamago.local:3000/minsk/events/konczert-v-temnote-nastroenie-v-stile-rock,event,,wp map; 22 clicks; auto
wp_map,http://mamago.local:3000/events/programma-master-klass-bolshaja-medicinskaja-programma,http://mamago.local:3000/minsk/events/programma-master-klass-bolshaja-medicinskaja-programma,event,,wp map; 22 clicks; auto
wp_map,http://mamago.local:3000/specialists/kustanovich-maksim,http://mamago.local:3000/minsk,specialists,,wp map; 22 clicks; auto
wp_map,http://mamago.local:3000/events/zimnyaya-yarmarka-belbet,http://mamago.local:3000/minsk/events/zimnyaya-yarmarka-belbet,event,,wp map; 21 clicks; auto
wp_map,http://mamago.local:3000/parki-attrakcionov-v-minske-sezon-otkryt,http://mamago.local:3000/minsk/blog/parki-attrakcionov-v-minske-sezon-otkryt,article,,wp map; 21 clicks; auto
wp_map,http://mamago.local:3000/events/festival-ekstremalnyh-vidov-sporta-ekstrimproryv,http://mamago.local:3000/minsk/events/festival-ekstremalnyh-vidov-sporta-ekstrimproryv,event,,wp map; 21 clicks; auto
wp_map,http://mamago.local:3000/events/oleg-orlov-s-koncertnoj-programmoj-skazki,http://mamago.local:3000/minsk/events/oleg-orlov-s-koncertnoj-programmoj-skazki,event,,wp map; 21 clicks; auto
wp_map,http://mamago.local:3000/events/koncert-25-let-a1,http://mamago.local:3000/minsk/events/koncert-25-let-a1,event,,wp map; 21 clicks; auto
wp_map,http://mamago.local:3000/events/bolshoj-standup-konczert-daniila-makayonka-i-dashi-german,http://mamago.local:3000/minsk/events/bolshoj-standup-konczert-daniila-makayonka-i-dashi-german,event,,wp map; 21 clicks; auto
wp_map,http://mamago.local:3000/events/vystavka-avtorskih-kukol-i-mishek-teddi-kukla-2,http://mamago.local:3000/minsk/events/vystavka-avtorskih-kukol-i-mishek-teddi-kukla-2,event,,wp map; 21 clicks; auto
wp_map,http://mamago.local:3000/events/pervoklassnyj-prazdnik-v-botanicheskom-sadu,http://mamago.local:3000/minsk/events/pervoklassnyj-prazdnik-v-botanicheskom-sadu,event,,wp map; 21 clicks; auto
wp_map,http://mamago.local:3000/27-del-vesny,http://mamago.local:3000/minsk/blog/27-del-vesny,article,,wp map; 21 clicks; auto
wp_map,http://mamago.local:3000/events/prazdnik-kupalle-craftmall-kupale-kraftmol,http://mamago.local:3000/minsk/events/prazdnik-kupalle-craftmall-kupale-kraftmol,event,,wp map; 21 clicks; auto
wp_map,http://mamago.local:3000/events/festival-yarmarka-truzhenikov-seladozhinki-2025,http://mamago.local:3000/minsk/events/festival-yarmarka-truzhenikov-seladozhinki-2025,event,,wp map; 21 clicks; auto
wp_map,http://mamago.local:3000/events/mjuzikl-alye-parusa,http://mamago.local:3000/minsk/events/mjuzikl-alye-parusa,event,,wp map; 21 clicks; auto
wp_map,http://mamago.local:3000/events/vii-mezhdunarodnyj-festival-tekstilnyj-buket,http://mamago.local:3000/minsk/events/vii-mezhdunarodnyj-festival-tekstilnyj-buket,event,,wp map; 21 clicks; auto
wp_map,http://mamago.local:3000/events/masshtabnyj-prazdnik-posvyashhennyj-dnyu-zashhitnika-otechestva-i-vooruzhennyh-sil-respubliki-belarus,http://mamago.local:3000/minsk/events/masshtabnyj-prazdnik-posvyashhennyj-dnyu-zashhitnika-otechestva-i-vooruzhennyh-sil-respubliki-belarus,event,,wp map; 21 clicks; auto
wp_map,http://mamago.local:3000/events/tvorcheskie-art-branchi-v-restorane-venner,http://mamago.local:3000/minsk/events/tvorcheskie-art-branchi-v-restorane-venner,event,,wp map; 21 clicks; auto
wp_map,http://mamago.local:3000/age/16,http://mamago.local:3000/minsk,age,,wp map; 21 clicks; auto
wp_map,http://mamago.local:3000/events/sovremennaja-skazka-shalosti-babajki,http://mamago.local:3000/minsk/events/sovremennaja-skazka-shalosti-babajki,event,,wp map; 21 clicks; auto
wp_map,http://mamago.local:3000/grand-bublik-prosto-ozhivshaja-usadba-gjetsbi-i-otel-grand-budapesht,http://mamago.local:3000/minsk/blog/grand-bublik-prosto-ozhivshaja-usadba-gjetsbi-i-otel-grand-budapesht,article,,wp map; 20 clicks; auto
wp_map,http://mamago.local:3000/events/ekskursiya-na-kinostudiyu-belarusfilm,http://mamago.local:3000/minsk/events/ekskursiya-na-kinostudiyu-belarusfilm,event,,wp map; 20 clicks; auto
wp_map,http://mamago.local:3000/events/shou-orkestrov,http://mamago.local:3000/minsk/events/shou-orkestrov,event,,wp map; 20 clicks; auto
wp_map,http://mamago.local:3000/events/master-klassy-dlya-detej/muzejna-pedagagichnaya-pragrama-gukanne-vyasny-2,http://mamago.local:3000/minsk/events/muzejna-pedagagichnaya-pragrama-gukanne-vyasny-2,event,,wp map; 20 clicks; auto
wp_map,http://mamago.local:3000/events/koncert-v-temnote-klassika-roka-dym-nad-vodoj,http://mamago.local:3000/minsk/events/koncert-v-temnote-klassika-roka-dym-nad-vodoj,event,,wp map; 20 clicks; auto
wp_map,http://mamago.local:3000/events/exhibitions-and-museums/vystavka-reprodukczij-kartin-dali-i-magritt-igra-s-realnostyu,http://mamago.local:3000/minsk/events/vystavka-reprodukczij-kartin-dali-i-magritt-igra-s-realnostyu,event,,wp map; 20 clicks; auto
wp_map,http://mamago.local:3000/events/vechera-muzykalnogo-teatra-peterburgskaya-operetta-v-zamke-radzivillov-operetta-sobaka-na-sene,http://mamago.local:3000/minsk/events/vechera-muzykalnogo-teatra-peterburgskaya-operetta-v-zamke-radzivillov-operetta-sobaka-na-sene,event,,wp map; 20 clicks; auto
wp_map,http://mamago.local:3000/events/syrnyj-festival-v-grodno,http://mamago.local:3000/minsk/events/syrnyj-festival-v-grodno,event,,wp map; 20 clicks; auto
wp_map,http://mamago.local:3000/events/vystavka-nejrobelarus,http://mamago.local:3000/minsk/events/vystavka-nejrobelarus,event,,wp map; 20 clicks; auto
wp_map,http://mamago.local:3000/events/lekcija-degustacija-iz-cikla-gran-tur-bolshoe-vinnoe-puteshestvie,http://mamago.local:3000/minsk/events/lekcija-degustacija-iz-cikla-gran-tur-bolshoe-vinnoe-puteshestvie,event,,wp map; 20 clicks; auto
wp_map,http://mamago.local:3000/events/spektakl-millionersha,http://mamago.local:3000/minsk/events/spektakl-millionersha,event,,wp map; 20 clicks; auto
wp_map,http://mamago.local:3000/events/konczert-zhivoj-muzyki-v-polnoj-temnote-nastroenie-v-stile-rock,http://mamago.local:3000/minsk/events/konczert-zhivoj-muzyki-v-polnoj-temnote-nastroenie-v-stile-rock,event,,wp map; 20 clicks; auto
wp_map,http://mamago.local:3000/events/master-klassy-dlya-detej/maslenicza-v-dome-moskvy,http://mamago.local:3000/minsk/events/maslenicza-v-dome-moskvy,event,,wp map; 20 clicks; auto
wp_map,http://mamago.local:3000/events/festival-professij,http://mamago.local:3000/minsk/events/festival-professij,event,,wp map; 20 clicks; auto
wp_map,http://mamago.local:3000/events/pesochnica-afisha-na-nedelju-15-21-ijulja,http://mamago.local:3000/minsk/events/pesochnica-afisha-na-nedelju-15-21-ijulja,event,,wp map; 20 clicks; auto
wp_map,http://mamago.local:3000/events/vecherinka-ot-j-hardy-boom,http://mamago.local:3000/minsk/events/vecherinka-ot-j-hardy-boom,event,,wp map; 20 clicks; auto
wp_map,http://mamago.local:3000/events/master-klassy-dlya-detej/konczert-veselyj-prazdnik-vesny,http://mamago.local:3000/minsk/events/konczert-veselyj-prazdnik-vesny,event,,wp map; 20 clicks; auto
wp_map,http://mamago.local:3000/events/master-klassy-dlya-vzroslyh/master-klassy-v-marte,http://mamago.local:3000/minsk/events/master-klassy-v-marte,event,,wp map; 20 clicks; auto
wp_map,http://mamago.local:3000/breakingnews/vystavka-zagadaj-zhelanie,http://mamago.local:3000/blog/vystavka-zagadaj-zhelanie,breakingnews,,wp map; 20 clicks; auto
wp_map,http://mamago.local:3000/events/vosmoj-respublikanskij-gastrofest,http://mamago.local:3000/minsk/events/vosmoj-respublikanskij-gastrofest,event,,wp map; 19 clicks; auto
wp_map,http://mamago.local:3000/events/novogodnyaya-vystavka-dom-rozhdestva,http://mamago.local:3000/minsk/events/novogodnyaya-vystavka-dom-rozhdestva,event,,wp map; 19 clicks; auto
wp_map,http://mamago.local:3000/detskie-mesta/kafe/kafe-s-detskoy-zonoy,http://mamago.local:3000/minsk,place-category,,wp map; 19 clicks; auto
wp_map,http://mamago.local:3000/events/festival-lyubitelej-retro-motocziklov-kola-chasu,http://mamago.local:3000/minsk/events/festival-lyubitelej-retro-motocziklov-kola-chasu,event,,wp map; 19 clicks; auto
wp_map,http://mamago.local:3000/events/ivan-kupala-v-komplekse-nanosy-otdyh,http://mamago.local:3000/minsk/events/ivan-kupala-v-komplekse-nanosy-otdyh,event,,wp map; 19 clicks; auto
wp_map,http://mamago.local:3000/events/prazdnik-kupalle,http://mamago.local:3000/minsk/events/prazdnik-kupalle,event,,wp map; 19 clicks; auto
wp_map,http://mamago.local:3000/events/spektakl-narniya-tajna-platyanogo-shkafa,http://mamago.local:3000/minsk/events/spektakl-narniya-tajna-platyanogo-shkafa,event,,wp map; 19 clicks; auto
wp_map,http://mamago.local:3000/events/kinoprosmotry-pod-otkrytym-nebom-v-yoga-place-zapad,http://mamago.local:3000/minsk/events/kinoprosmotry-pod-otkrytym-nebom-v-yoga-place-zapad,event,,wp map; 19 clicks; auto
wp_map,http://mamago.local:3000/events/koferencziya-grouing-trendy-2026,http://mamago.local:3000/minsk/events/koferencziya-grouing-trendy-2026,event,,wp map; 19 clicks; auto
wp_map,http://mamago.local:3000/events/detskie-gonki-pershy-rovar,http://mamago.local:3000/minsk/events/detskie-gonki-pershy-rovar,event,,wp map; 19 clicks; auto
wp_map,http://mamago.local:3000/specialists/tarasevich-darja,http://mamago.local:3000/minsk,specialists,,wp map; 19 clicks; auto
wp_map,http://mamago.local:3000/events/master-klass-po-valjaniju-interernogo-panno-iz-shersti-sonja-ili-ryzhik,http://mamago.local:3000/minsk/events/master-klass-po-valjaniju-interernogo-panno-iz-shersti-sonja-ili-ryzhik,event,,wp map; 19 clicks; auto
wp_map,http://mamago.local:3000/novyy-hero-park-na-akademii-nauk-ili-batuty-dlya-malyshey,http://mamago.local:3000/minsk/blog/novyy-hero-park-na-akademii-nauk-ili-batuty-dlya-malyshey,article,,wp map; 18 clicks; auto
wp_map,http://mamago.local:3000/specialists/vezhnovecz-marina-valerevna,http://mamago.local:3000/minsk,specialists,,wp map; 18 clicks; auto
wp_map,http://mamago.local:3000/events/prazdnik-ivevskij-pomidor,http://mamago.local:3000/minsk/events/prazdnik-ivevskij-pomidor,event,,wp map; 18 clicks; auto
wp_map,http://mamago.local:3000/events/mamskij-dom-afisha-na-sentjabr,http://mamago.local:3000/minsk/events/mamskij-dom-afisha-na-sentjabr,event,,wp map; 18 clicks; auto
wp_map,http://mamago.local:3000/events/muzykalnyj-festival-urban-music-festival,http://mamago.local:3000/minsk/events/muzykalnyj-festival-urban-music-festival,event,,wp map; 18 clicks; auto
wp_map,http://mamago.local:3000/events/stand-up-comedy-hall-afisha-na-nedelju-15-21-ijulja,http://mamago.local:3000/minsk/events/stand-up-comedy-hall-afisha-na-nedelju-15-21-ijulja,event,,wp map; 18 clicks; auto
wp_map,http://mamago.local:3000/events/festival-elektronnoj-muzyki-pojma,http://mamago.local:3000/minsk/events/festival-elektronnoj-muzyki-pojma,event,,wp map; 18 clicks; auto
wp_map,http://mamago.local:3000/events/prazdnichnye-novogodnie-predstavlenija-ot-molodezhnogo-teatra-jestrady,http://mamago.local:3000/minsk/events/prazdnichnye-novogodnie-predstavlenija-ot-molodezhnogo-teatra-jestrady,event,,wp map; 18 clicks; auto
wp_map,http://mamago.local:3000/events/detskij-prazdnik-v-zelenoj-gavani,http://mamago.local:3000/minsk/events/detskij-prazdnik-v-zelenoj-gavani,event,,wp map; 18 clicks; auto
wp_map,http://mamago.local:3000/events/konczert-v-temnote-dym-nad-vodoj-2,http://mamago.local:3000/minsk/events/konczert-v-temnote-dym-nad-vodoj-2,event,,wp map; 18 clicks; auto
wp_map,http://mamago.local:3000/events/master-klass-po-risovaniyu-na-vode-dlya-detej-ebru-yarkie-risunki-na-vode,http://mamago.local:3000/minsk/events/master-klass-po-risovaniyu-na-vode-dlya-detej-ebru-yarkie-risunki-na-vode,event,,wp map; 18 clicks; auto
wp_map,http://mamago.local:3000/events/prazdnik-muki-dvaryshchanski-mlynar,http://mamago.local:3000/minsk/events/prazdnik-muki-dvaryshchanski-mlynar,event,,wp map; 18 clicks; auto
wp_map,http://mamago.local:3000/events/vystavochnyj-proekt-vuz-obraz-zmei-v-sovremennom-belorusskom-iskusstve,http://mamago.local:3000/minsk/events/vystavochnyj-proekt-vuz-obraz-zmei-v-sovremennom-belorusskom-iskusstve,event,,wp map; 18 clicks; auto
wp_map,http://mamago.local:3000/events/lekcziya-raskopki-goroda-na-menke-istoriya-rezultaty-issledovaniya-i-konservacziya-nahodok,http://mamago.local:3000/minsk/events/lekcziya-raskopki-goroda-na-menke-istoriya-rezultaty-issledovaniya-i-konservacziya-nahodok,event,,wp map; 18 clicks; auto
wp_map,http://mamago.local:3000/events/otkrytie-personalnoj-vystavki-alekseya-kesselya-sreda-obitaniya,http://mamago.local:3000/minsk/events/otkrytie-personalnoj-vystavki-alekseya-kesselya-sreda-obitaniya,event,,wp map; 18 clicks; auto
wp_map,http://mamago.local:3000/events/predstavlenie-mama,http://mamago.local:3000/minsk/events/predstavlenie-mama,event,,wp map; 18 clicks; auto
wp_map,http://mamago.local:3000/events/samyj-dobryj-begovoj-start-leta,http://mamago.local:3000/minsk/events/samyj-dobryj-begovoj-start-leta,event,,wp map; 18 clicks; auto
wp_map,http://mamago.local:3000/events/muzej-usadba-frantishka-bogushevicha-kushlyany,http://mamago.local:3000/minsk/events/muzej-usadba-frantishka-bogushevicha-kushlyany,event,,wp map; 17 clicks; auto
wp_map,http://mamago.local:3000/events/kamernyj-dramaticheskij-teatr-afisha-na-avgust,http://mamago.local:3000/minsk/events/kamernyj-dramaticheskij-teatr-afisha-na-avgust,event,,wp map; 17 clicks; auto
wp_map,http://mamago.local:3000/events/belfest-vserossijskij-muzykalnyj-festival,http://mamago.local:3000/minsk/events/belfest-vserossijskij-muzykalnyj-festival,event,,wp map; 17 clicks; auto
wp_map,http://mamago.local:3000/events/market/fermerskij-rynok-usyo-svayo,http://mamago.local:3000/minsk/events/fermerskij-rynok-usyo-svayo,event,,wp map; 17 clicks; auto
wp_map,http://mamago.local:3000/events/festival-zhivoj-muzyki-klassika-live,http://mamago.local:3000/minsk/events/festival-zhivoj-muzyki-klassika-live,event,,wp map; 17 clicks; auto
wp_map,http://mamago.local:3000/events/novogodnyaya-yarmarka-v-novoj-borovoj,http://mamago.local:3000/minsk/events/novogodnyaya-yarmarka-v-novoj-borovoj,event,,wp map; 17 clicks; auto
wp_map,http://mamago.local:3000/events/festival-vysokoj-kuhni-culinarie,http://mamago.local:3000/minsk/events/festival-vysokoj-kuhni-culinarie,event,,wp map; 17 clicks; auto
wp_map,http://mamago.local:3000/events/festival-slavjanskoj-mifologii-shljah-cmoka,http://mamago.local:3000/minsk/events/festival-slavjanskoj-mifologii-shljah-cmoka,event,,wp map; 17 clicks; auto
wp_map,http://mamago.local:3000/events/novaya-muzykalnaya-programma-ot-klassiki-do-roka-mirovye-hity,http://mamago.local:3000/minsk/events/novaya-muzykalnaya-programma-ot-klassiki-do-roka-mirovye-hity,event,,wp map; 17 clicks; auto
wp_map,http://mamago.local:3000/events/sportivnyj-prazdnik-v-formate-olimpijskogo-kvesta-olimpijskij-den,http://mamago.local:3000/minsk/events/sportivnyj-prazdnik-v-formate-olimpijskogo-kvesta-olimpijskij-den,event,,wp map; 17 clicks; auto
wp_map,http://mamago.local:3000/events/detskie-spektakli/spektakl-koshkin-dom,http://mamago.local:3000/minsk/events/spektakl-koshkin-dom,event,,wp map; 17 clicks; auto
wp_map,http://mamago.local:3000/events/blagotvoritelnaya-akcziya-hvostatyj-dvor,http://mamago.local:3000/minsk/events/blagotvoritelnaya-akcziya-hvostatyj-dvor,event,,wp map; 17 clicks; auto
wp_map,http://mamago.local:3000/events/luchshaja-ulica-afisha-s-19-po-25-avgusta,http://mamago.local:3000/minsk/events/luchshaja-ulica-afisha-s-19-po-25-avgusta,event,,wp map; 17 clicks; auto
wp_map,http://mamago.local:3000/events/cirk-illjuzij-velichajshij-volshebnik-2,http://mamago.local:3000/minsk/events/cirk-illjuzij-velichajshij-volshebnik-2,event,,wp map; 17 clicks; auto
wp_map,http://mamago.local:3000/events/pizhamnaya-vecherinka,http://mamago.local:3000/minsk/events/pizhamnaya-vecherinka,event,,wp map; 17 clicks; auto
wp_map,http://mamago.local:3000/master-klassy-dlya-vzroslyh,http://mamago.local:3000/minsk/events,event-category,,wp map; 17 clicks; auto
wp_map,http://mamago.local:3000/events/final-pershy-rovar-2025,http://mamago.local:3000/minsk/events/final-pershy-rovar-2025,event,,wp map; 17 clicks; auto
wp_map,http://mamago.local:3000/events/spektakli-dlya-vzroslyh/spektakl-kentervilskoe-prividenie-2,http://mamago.local:3000/minsk/events/spektakl-kentervilskoe-prividenie-2,event,,wp map; 17 clicks; auto
wp_map,http://mamago.local:3000/events/master-klassy-dlya-detej/svyata-gukanne-vyasny,http://mamago.local:3000/minsk/events/svyata-gukanne-vyasny,event,,wp map; 17 clicks; auto
wp_map,http://mamago.local:3000/events/master-klass-azgur-school,http://mamago.local:3000/minsk/events/master-klass-azgur-school,event,,wp map; 17 clicks; auto
wp_map,http://mamago.local:3000/events/yubilejnyj-vecher-muzykalnomu-teatru-55,http://mamago.local:3000/minsk/events/yubilejnyj-vecher-muzykalnomu-teatru-55,event,,wp map; 17 clicks; auto
wp_map,http://mamago.local:3000/events/tri-bogatyrya-i-svet-klinom-premernyj-pokaz,http://mamago.local:3000/minsk/events/tri-bogatyrya-i-svet-klinom-premernyj-pokaz,event,,wp map; 16 clicks; auto
wp_map,http://mamago.local:3000/events/kupale-v-poiskah-paparac-kvetki,http://mamago.local:3000/minsk/events/kupale-v-poiskah-paparac-kvetki,event,,wp map; 16 clicks; auto
wp_map,http://mamago.local:3000/events/multfilm-tri-kota-zimnie-kanikuly,http://mamago.local:3000/minsk/events/multfilm-tri-kota-zimnie-kanikuly,event,,wp map; 16 clicks; auto
wp_map,http://mamago.local:3000/top-9-dobryh-i-teplyh-semejnyh-kvestov-minska,http://mamago.local:3000/minsk/blog/top-9-dobryh-i-teplyh-semejnyh-kvestov-minska,article,,wp map; 16 clicks; auto
wp_map,http://mamago.local:3000/events/detskij-rozhdestvenskij-bal-v-mirskom-zamke,http://mamago.local:3000/minsk/events/detskij-rozhdestvenskij-bal-v-mirskom-zamke,event,,wp map; 16 clicks; auto
wp_map,http://mamago.local:3000/events/prazdnichnoe-meroprijatie-dranik-fjest,http://mamago.local:3000/minsk/events/prazdnichnoe-meroprijatie-dranik-fjest,event,,wp map; 16 clicks; auto
wp_map,http://mamago.local:3000/events/letnij-dzhazovyj-festival-dzhaz-v-gorode-n,http://mamago.local:3000/minsk/events/letnij-dzhazovyj-festival-dzhaz-v-gorode-n,event,,wp map; 16 clicks; auto
wp_map,http://mamago.local:3000/masha-gurbanova-lyubimye-mesta,http://mamago.local:3000/minsk/blog/masha-gurbanova-lyubimye-mesta,article,,wp map; 16 clicks; auto
wp_map,http://mamago.local:3000/events/konferencziya-salesconf-upgrade,http://mamago.local:3000/minsk/events/konferencziya-salesconf-upgrade,event,,wp map; 16 clicks; auto
wp_map,http://mamago.local:3000/events/detskij-teatr-kakao-afisha-na-avgust,http://mamago.local:3000/minsk/events/detskij-teatr-kakao-afisha-na-avgust,event,,wp map; 16 clicks; auto
wp_map,http://mamago.local:3000/specialists/kovalyov-yurij-andreevich,http://mamago.local:3000/minsk,specialists,,wp map; 16 clicks; auto
wp_map,http://mamago.local:3000/events/nezabyvaemyj-prazdnik-detstva-multi-pulti-fest,http://mamago.local:3000/minsk/events/nezabyvaemyj-prazdnik-detstva-multi-pulti-fest,event,,wp map; 16 clicks; auto
wp_map,http://mamago.local:3000/events/master-klass-dlya-detej-volshebnaya-lepka,http://mamago.local:3000/minsk/events/master-klass-dlya-detej-volshebnaya-lepka,event,,wp map; 16 clicks; auto
wp_map,http://mamago.local:3000/events/detskij-balet-chippolino,http://mamago.local:3000/minsk/events/detskij-balet-chippolino,event,,wp map; 16 clicks; auto
wp_map,http://mamago.local:3000/events/vystavka-fotografij-belarus-kraina-rajskaj-ptushki,http://mamago.local:3000/minsk/events/vystavka-fotografij-belarus-kraina-rajskaj-ptushki,event,,wp map; 16 clicks; auto
wp_map,http://mamago.local:3000/events/konczert-v-temnote-the-beatles-skvoz-vselennuyu,http://mamago.local:3000/minsk/events/konczert-v-temnote-the-beatles-skvoz-vselennuyu,event,,wp map; 16 clicks; auto
wp_map,http://mamago.local:3000/detskie-mesta/zagorodnye-kafe-s-detskoi-zonoi,http://mamago.local:3000/minsk,place-category,,wp map; 16 clicks; auto
wp_map,http://mamago.local:3000/events/konczert-v-temnote-zimnij-muzykalnyj-koktejl,http://mamago.local:3000/minsk/events/konczert-v-temnote-zimnij-muzykalnyj-koktejl,event,,wp map; 16 clicks; auto
wp_map,http://mamago.local:3000/events/master-klassy-dlya-vzroslyh/master-klass-malyavanka,http://mamago.local:3000/minsk/events/master-klass-malyavanka,event,,wp map; 16 clicks; auto
wp_map,http://mamago.local:3000/events/luchshaja-ulica-afisha-na-nedelju-24-30-ijunja,http://mamago.local:3000/minsk/events/luchshaja-ulica-afisha-na-nedelju-24-30-ijunja,event,,wp map; 16 clicks; auto
wp_map,http://mamago.local:3000/events/personalnaya-vystavka-alekseya-korabelnikova-etoprominsk,http://mamago.local:3000/minsk/events/personalnaya-vystavka-alekseya-korabelnikova-etoprominsk,event,,wp map; 16 clicks; auto
wp_map,http://mamago.local:3000/events/den-mastera-v-dudutkah-solomopletenie-master-klass-po-izgotovleniyu-angela-hranitelya,http://mamago.local:3000/minsk/events/den-mastera-v-dudutkah-solomopletenie-master-klass-po-izgotovleniyu-angela-hranitelya,event,,wp map; 16 clicks; auto
wp_map,http://mamago.local:3000/events/chasovaya-ekspaziczyya-uvaga-gavorycz-minsk,http://mamago.local:3000/minsk/events/chasovaya-ekspaziczyya-uvaga-gavorycz-minsk,event,,wp map; 16 clicks; auto
wp_map,http://mamago.local:3000/events/exhibitions-and-museums/vystavka-zhenshhina-cherez-veka,http://mamago.local:3000/minsk/events/vystavka-zhenshhina-cherez-veka,event,,wp map; 16 clicks; auto
wp_map,http://mamago.local:3000/events/rozhdestvenskij-branch-v-otele-hampton,http://mamago.local:3000/minsk/events/rozhdestvenskij-branch-v-otele-hampton,event,,wp map; 16 clicks; auto
wp_map,http://mamago.local:3000/events/pesochnica-afisha-na-nedelju-24-30-ijunja,http://mamago.local:3000/minsk/events/pesochnica-afisha-na-nedelju-24-30-ijunja,event,,wp map; 16 clicks; auto
wp_map,http://mamago.local:3000/events/den-goroda-2024-minsk-prazdnuet-957-letie,http://mamago.local:3000/minsk/events/den-goroda-2024-minsk-prazdnuet-957-letie,event,,wp map; 15 clicks; auto
wp_map,http://mamago.local:3000/kontserty,http://mamago.local:3000/minsk/events,event-category,,wp map; 15 clicks; auto
wp_map,http://mamago.local:3000/events/prazdnik-ivan-kupala-2,http://mamago.local:3000/minsk/events/prazdnik-ivan-kupala-2,event,,wp map; 15 clicks; auto
wp_map,http://mamago.local:3000/events/forum-mama-bez-filtrov,http://mamago.local:3000/minsk/events/forum-mama-bez-filtrov,event,,wp map; 15 clicks; auto
wp_map,http://mamago.local:3000/events/media-vystavka-by-razman-production-put-napryazhenie,http://mamago.local:3000/minsk/events/media-vystavka-by-razman-production-put-napryazhenie,event,,wp map; 15 clicks; auto
wp_map,http://mamago.local:3000/events/kupalle-2024,http://mamago.local:3000/minsk/events/kupalle-2024,event,,wp map; 15 clicks; auto
wp_map,http://mamago.local:3000/events/mezhdunarodnyj-vnedorozhnyj-festival-brestdzhipfest,http://mamago.local:3000/minsk/events/mezhdunarodnyj-vnedorozhnyj-festival-brestdzhipfest,event,,wp map; 15 clicks; auto
wp_map,http://mamago.local:3000/3-samye-krasivye-osennie-fotolokaczii-v-minske-vybor-mamagou,http://mamago.local:3000/minsk/blog/3-samye-krasivye-osennie-fotolokaczii-v-minske-vybor-mamagou,article,,wp map; 15 clicks; auto
wp_map,http://mamago.local:3000/events/pesochnica-afisha-na-nedelju-29-ijulja-4-avgusta,http://mamago.local:3000/minsk/events/pesochnica-afisha-na-nedelju-29-ijulja-4-avgusta,event,,wp map; 15 clicks; auto
wp_map,http://mamago.local:3000/breakingnews/chto-s-katkom-na-dinamo,http://mamago.local:3000/blog/chto-s-katkom-na-dinamo,breakingnews,,wp map; 15 clicks; auto
wp_map,http://mamago.local:3000/events/vystavka-yarmarka-masterov-sapraўdny-market,http://mamago.local:3000/minsk/events/vystavka-yarmarka-masterov-sapraўdny-market,event,,wp map; 15 clicks; auto
wp_map,http://mamago.local:3000/events/lekcii/konferencziya-business-ai-conf-minsk,http://mamago.local:3000/minsk/events/konferencziya-business-ai-conf-minsk,event,,wp map; 15 clicks; auto
wp_map,http://mamago.local:3000/events/spektakl-les,http://mamago.local:3000/minsk/events/spektakl-les,event,,wp map; 15 clicks; auto
wp_map,http://mamago.local:3000/events/sport/chempionat-respubliki-belarus-po-fristajlu,http://mamago.local:3000/minsk/events/chempionat-respubliki-belarus-po-fristajlu,event,,wp map; 15 clicks; auto
wp_map,http://mamago.local:3000/events/kupalle-ў-festyvalnym,http://mamago.local:3000/minsk/events/kupalle-ў-festyvalnym,event,,wp map; 15 clicks; auto
wp_map,http://mamago.local:3000/events/konkurs-risunkov-palitra-budushhego,http://mamago.local:3000/minsk/events/konkurs-risunkov-palitra-budushhego,event,,wp map; 15 clicks; auto
wp_map,http://mamago.local:3000/events/cinema/kinopokazy-v-eho,http://mamago.local:3000/minsk/events/kinopokazy-v-eho,event,,wp map; 15 clicks; auto
wp_map,http://mamago.local:3000/ivan-kupala-2026-ili-gde-otmetit-kupale-v-minske-i-za-gorodom,http://mamago.local:3000/minsk/blog/ivan-kupala-2026-ili-gde-otmetit-kupale-v-minske-i-za-gorodom,article,,wp map; 15 clicks; auto
wp_map,http://mamago.local:3000/specialists/gvardian-vlad,http://mamago.local:3000/minsk,specialists,,wp map; 15 clicks; auto
wp_map,http://mamago.local:3000/events/gorodskoj-piknik-vulitsa-ezha-vulica-ezha,http://mamago.local:3000/minsk/events/gorodskoj-piknik-vulitsa-ezha-vulica-ezha,event,,wp map; 14 clicks; auto
wp_map,http://mamago.local:3000/events/vystavochnyj-proekt-nasha-igra-mir-tankov,http://mamago.local:3000/minsk/events/vystavochnyj-proekt-nasha-igra-mir-tankov,event,,wp map; 14 clicks; auto
wp_map,http://mamago.local:3000/events/multfilm-ivan-czarevich-i-seryj-volk-6,http://mamago.local:3000/minsk/events/multfilm-ivan-czarevich-i-seryj-volk-6,event,,wp map; 14 clicks; auto
wp_map,http://mamago.local:3000/events/festival-bukids-professii,http://mamago.local:3000/minsk/events/festival-bukids-professii,event,,wp map; 14 clicks; auto
wp_map,http://mamago.local:3000/events/grandioznoe-shou-saundtrekov-hans-zimmer-s-universe,http://mamago.local:3000/minsk/events/grandioznoe-shou-saundtrekov-hans-zimmer-s-universe,event,,wp map; 14 clicks; auto
wp_map,http://mamago.local:3000/detskie-mesta/kafe-dlia-detskogo-dnia-rozhdenija,http://mamago.local:3000/minsk/birthday,place-category,,wp map; 14 clicks; auto
wp_map,http://mamago.local:3000/events/semejnyj-razvlekatelnyj-festival-family-fest-2,http://mamago.local:3000/minsk/events/semejnyj-razvlekatelnyj-festival-family-fest-2,event,,wp map; 14 clicks; auto
wp_map,http://mamago.local:3000/events/koncert-v-temnote-vozmi-moe-serdce,http://mamago.local:3000/minsk/events/koncert-v-temnote-vozmi-moe-serdce,event,,wp map; 14 clicks; auto
wp_map,http://mamago.local:3000/breakingnews/domik-deda-moroza-parke-gorkogo,http://mamago.local:3000/blog/domik-deda-moroza-parke-gorkogo,breakingnews,,wp map; 14 clicks; auto
wp_map,http://mamago.local:3000/events/vintazhnyj-market-v-pesochnice,http://mamago.local:3000/minsk/events/vintazhnyj-market-v-pesochnice,event,,wp map; 14 clicks; auto
wp_map,http://mamago.local:3000/events/performans-mark-shagal-vselennaya-lyubvi,http://mamago.local:3000/minsk/events/performans-mark-shagal-vselennaya-lyubvi,event,,wp map; 14 clicks; auto
wp_map,http://mamago.local:3000/events/vecher-bardovskoj-pesni-vashe-velichestvo-zhenshhina,http://mamago.local:3000/minsk/events/vecher-bardovskoj-pesni-vashe-velichestvo-zhenshhina,event,,wp map; 14 clicks; auto
wp_map,http://mamago.local:3000/events/premera-spektakl-huligan-sluchaj-s-geniem,http://mamago.local:3000/minsk/events/premera-spektakl-huligan-sluchaj-s-geniem,event,,wp map; 14 clicks; auto
wp_map,http://mamago.local:3000/hb-programs/semejnoe-kafe-tri-pingvina,http://mamago.local:3000/minsk,hb-programs,,wp map; 14 clicks; auto
wp_map,http://mamago.local:3000/events/pesochnica-afisha-na-2ju-nedelju-ijulja,http://mamago.local:3000/minsk/events/pesochnica-afisha-na-2ju-nedelju-ijulja,event,,wp map; 14 clicks; auto
wp_map,http://mamago.local:3000/events/molodezhnyj-festival-naczionalnyh-kultur-belarusi-i-kitaya,http://mamago.local:3000/minsk/events/molodezhnyj-festival-naczionalnyh-kultur-belarusi-i-kitaya,event,,wp map; 14 clicks; auto
wp_map,http://mamago.local:3000/detskie-mesta/kafe/kafe-s-animatorami,http://mamago.local:3000/minsk,place-category,,wp map; 14 clicks; auto
wp_map,http://mamago.local:3000/events/master-klass-mikromir-pervoe-znakomstvo-s-mikroskopom,http://mamago.local:3000/minsk/events/master-klass-mikromir-pervoe-znakomstvo-s-mikroskopom,event,,wp map; 14 clicks; auto
wp_map,http://mamago.local:3000/events/spektakl-robot-i-raketa-ot-teatra-lev-i-ptichka,http://mamago.local:3000/minsk/events/spektakl-robot-i-raketa-ot-teatra-lev-i-ptichka,event,,wp map; 14 clicks; auto
wp_map,http://mamago.local:3000/events/zabeg-brovarskaya-milya-2025,http://mamago.local:3000/minsk/events/zabeg-brovarskaya-milya-2025,event,,wp map; 14 clicks; auto
wp_map,http://mamago.local:3000/events/exhibitions-and-museums/vystavka-iriny-mihed-v-garmonii-s-prirodoj,http://mamago.local:3000/minsk/events/vystavka-iriny-mihed-v-garmonii-s-prirodoj,event,,wp map; 14 clicks; auto
wp_map,http://mamago.local:3000/exhibitions-and-museums,http://mamago.local:3000/minsk/events,event-category,,wp map; 13 clicks; auto
wp_map,http://mamago.local:3000/events/novogodnyaya-yarmarka-na-stadione-dinamo,http://mamago.local:3000/minsk/events/novogodnyaya-yarmarka-na-stadione-dinamo,event,,wp map; 13 clicks; auto
wp_map,http://mamago.local:3000/events/vystavka-yarmarka-charoўny-mlyn-2,http://mamago.local:3000/minsk/events/vystavka-yarmarka-charoўny-mlyn-2,event,,wp map; 13 clicks; auto
wp_map,http://mamago.local:3000/events/cirkovaja-programma-triumf,http://mamago.local:3000/minsk/events/cirkovaja-programma-triumf,event,,wp map; 13 clicks; auto
wp_map,http://mamago.local:3000/events/novogodnee-shou-ili-averbuha-shhelkunchik-i-myshinyj-korol,http://mamago.local:3000/minsk/events/novogodnee-shou-ili-averbuha-shhelkunchik-i-myshinyj-korol,event,,wp map; 13 clicks; auto
wp_map,http://mamago.local:3000/events/festival-nauki,http://mamago.local:3000/minsk/events/festival-nauki,event,,wp map; 13 clicks; auto
wp_map,http://mamago.local:3000/events/festival-viva-braslav-viva-braslav-2024,http://mamago.local:3000/minsk/events/festival-viva-braslav-viva-braslav-2024,event,,wp map; 13 clicks; auto
wp_map,http://mamago.local:3000/events/balet-shhelkunchik,http://mamago.local:3000/minsk/events/balet-shhelkunchik,event,,wp map; 13 clicks; auto
wp_map,http://mamago.local:3000/events/vystavka-yarmarka-remeslennikov-dobrodel,http://mamago.local:3000/minsk/events/vystavka-yarmarka-remeslennikov-dobrodel,event,,wp map; 13 clicks; auto
wp_map,http://mamago.local:3000/events/otkrytie-kukuruznogo-labirinta,http://mamago.local:3000/minsk/events/otkrytie-kukuruznogo-labirinta,event,,wp map; 13 clicks; auto
wp_map,http://mamago.local:3000/kukuruznyj-labirint-kukupolis-kogda-otkrytie,http://mamago.local:3000/minsk/blog/kukuruznyj-labirint-kukupolis-kogda-otkrytie,article,,wp map; 13 clicks; auto
wp_map,http://mamago.local:3000/events/multfilm-mufasa-korol-lev,http://mamago.local:3000/minsk/events/multfilm-mufasa-korol-lev,event,,wp map; 13 clicks; auto
wp_map,http://mamago.local:3000/events/film-volshebnik-izumrudnogo-goroda-doroga-iz-zhyoltogo-kirpicha,http://mamago.local:3000/minsk/events/film-volshebnik-izumrudnogo-goroda-doroga-iz-zhyoltogo-kirpicha,event,,wp map; 13 clicks; auto
wp_map,http://mamago.local:3000/events/spektakl-holodnoe-serdcze,http://mamago.local:3000/minsk/events/spektakl-holodnoe-serdcze,event,,wp map; 13 clicks; auto
wp_map,http://mamago.local:3000/den-da,http://mamago.local:3000/minsk/blog/den-da,article,,wp map; 13 clicks; auto
wp_map,http://mamago.local:3000/events/programma-hvostatyj-dvor,http://mamago.local:3000/minsk/events/programma-hvostatyj-dvor,event,,wp map; 13 clicks; auto
wp_map,http://mamago.local:3000/events/holydays/prazdnik-provody-zimy-v-zdravnyove,http://mamago.local:3000/minsk/events/prazdnik-provody-zimy-v-zdravnyove,event,,wp map; 13 clicks; auto
wp_map,http://mamago.local:3000/events/vesennie-gryozy-gala-konczert-baleta-bolshogo-teatra-belarusi,http://mamago.local:3000/minsk/events/vesennie-gryozy-gala-konczert-baleta-bolshogo-teatra-belarusi,event,,wp map; 13 clicks; auto
wp_map,http://mamago.local:3000/events/muzejna-pedagagichnaya-pragrama-gukanne-vyasny,http://mamago.local:3000/minsk/events/muzejna-pedagagichnaya-pragrama-gukanne-vyasny,event,,wp map; 13 clicks; auto
wp_map,http://mamago.local:3000/events/rozhdestvenskij-bal-v-mirskom-zamke,http://mamago.local:3000/minsk/events/rozhdestvenskij-bal-v-mirskom-zamke,event,,wp map; 13 clicks; auto
wp_map,http://mamago.local:3000/events/zakrytie-sezona-lidbeer-dvor-s-tribjutom-korol-i-shut,http://mamago.local:3000/minsk/events/zakrytie-sezona-lidbeer-dvor-s-tribjutom-korol-i-shut,event,,wp map; 13 clicks; auto
wp_map,http://mamago.local:3000/events/yarmarka-sovremennogo-iskusstva-off-museum-art-fairzimnij-vypusk,http://mamago.local:3000/minsk/events/yarmarka-sovremennogo-iskusstva-off-museum-art-fairzimnij-vypusk,event,,wp map; 13 clicks; auto
wp_map,http://mamago.local:3000/events/otkrytie-novogo-art-parka-savlukov-mebel-v-noch-muzeev,http://mamago.local:3000/minsk/events/otkrytie-novogo-art-parka-savlukov-mebel-v-noch-muzeev,event,,wp map; 13 clicks; auto
wp_map,http://mamago.local:3000/events/spektakl-vverh-tormashkami,http://mamago.local:3000/minsk/events/spektakl-vverh-tormashkami,event,,wp map; 13 clicks; auto
wp_map,http://mamago.local:3000/events/spektakl-ne-bojsya-roni,http://mamago.local:3000/minsk/events/spektakl-ne-bojsya-roni,event,,wp map; 13 clicks; auto
wp_map,http://mamago.local:3000/events/osennij-festival-bagach,http://mamago.local:3000/minsk/events/osennij-festival-bagach,event,,wp map; 13 clicks; auto
wp_map,http://mamago.local:3000/events/eksklyuziўnaya-teatralizavanaya-impreza-dzikae-palyavanne-karalya-staha,http://mamago.local:3000/minsk/events/eksklyuziўnaya-teatralizavanaya-impreza-dzikae-palyavanne-karalya-staha,event,,wp map; 13 clicks; auto
wp_map,http://mamago.local:3000/events/market/market-happy-market,http://mamago.local:3000/minsk/events/market-happy-market,event,,wp map; 13 clicks; auto
wp_map,http://mamago.local:3000/events/komedijnyj-kviz-pro-kino-kinokviznyak,http://mamago.local:3000/minsk/events/komedijnyj-kviz-pro-kino-kinokviznyak,event,,wp map; 13 clicks; auto
wp_map,http://mamago.local:3000/vesennie-kanikuly,http://mamago.local:3000/minsk/blog/vesennie-kanikuly,article,,wp map; 13 clicks; auto
wp_map,http://mamago.local:3000/events/holydays/master-klass-po-kastomizaczii-odezhdy,http://mamago.local:3000/minsk/events/master-klass-po-kastomizaczii-odezhdy,event,,wp map; 13 clicks; auto
wp_map,http://mamago.local:3000/events/imbirnye-fantazii-kreativnyj-master-klass-po-rospisi-pryanikov,http://mamago.local:3000/minsk/events/imbirnye-fantazii-kreativnyj-master-klass-po-rospisi-pryanikov,event,,wp map; 13 clicks; auto
wp_map,http://mamago.local:3000/events/materinstvo,http://mamago.local:3000/minsk/events/materinstvo,event,,wp map; 13 clicks; auto
wp_map,http://mamago.local:3000/klub-masterov-proyavnost-afisha-na-dekabr,http://mamago.local:3000/minsk/blog/klub-masterov-proyavnost-afisha-na-dekabr,article,,wp map; 13 clicks; auto
wp_map,http://mamago.local:3000/events/Детский-однодневный-поход-Приключение-Робинзона,http://mamago.local:3000/minsk/events/Детский-однодневный-поход-Приключение-Робинзона,event,,wp map; 13 clicks; auto
wp_map,http://mamago.local:3000/events/avtorskij-master-klass-po-kastomizaczii-odezhdy,http://mamago.local:3000/minsk/events/avtorskij-master-klass-po-kastomizaczii-odezhdy,event,,wp map; 13 clicks; auto
wp_map,http://mamago.local:3000/events/multfilm-dikij-robot,http://mamago.local:3000/minsk/events/multfilm-dikij-robot,event,,wp map; 12 clicks; auto
wp_map,http://mamago.local:3000/events/svidanie-s-kapibaroj-kapi,http://mamago.local:3000/minsk/events/svidanie-s-kapibaroj-kapi,event,,wp map; 12 clicks; auto
wp_map,http://mamago.local:3000/events/festival-kofe-coffee-fest-belarus-2025,http://mamago.local:3000/minsk/events/festival-kofe-coffee-fest-belarus-2025,event,,wp map; 12 clicks; auto
wp_map,http://mamago.local:3000/obzor-pervogo-v-belarusi-koreyskogo-stritfuda-chicko,http://mamago.local:3000/minsk/blog/obzor-pervogo-v-belarusi-koreyskogo-stritfuda-chicko,article,,wp map; 12 clicks; auto
wp_map,http://mamago.local:3000/breakingnews/edinstvennyj-v-minske-semejnyj-salon-krasoty,http://mamago.local:3000/blog/edinstvennyj-v-minske-semejnyj-salon-krasoty,breakingnews,,wp map; 12 clicks; auto
wp_map,http://mamago.local:3000/events/detskij-teatr-kakao-afisha-na-oktjabr,http://mamago.local:3000/minsk/events/detskij-teatr-kakao-afisha-na-oktjabr,event,,wp map; 12 clicks; auto
wp_map,http://mamago.local:3000/events/festival-samorazvitija-i-zdorovogo-obraza-zhizni-my-way,http://mamago.local:3000/minsk/events/festival-samorazvitija-i-zdorovogo-obraza-zhizni-my-way,event,,wp map; 12 clicks; auto
wp_map,http://mamago.local:3000/events/vechera-muzykalnogo-teatra-peterburgskaya-operetta-v-zamke-radzivillov-myuzikl-truffaldino-iz-bergamo,http://mamago.local:3000/minsk/events/vechera-muzykalnogo-teatra-peterburgskaya-operetta-v-zamke-radzivillov-myuzikl-truffaldino-iz-bergamo,event,,wp map; 12 clicks; auto
wp_map,http://mamago.local:3000/events/teatr-zhirafa-afisha-na-aprel,http://mamago.local:3000/minsk/events/teatr-zhirafa-afisha-na-aprel,event,,wp map; 12 clicks; auto
wp_map,http://mamago.local:3000/events/detskie-spektakli/pravoslavnyj-festival-radost,http://mamago.local:3000/minsk/events/pravoslavnyj-festival-radost,event,,wp map; 12 clicks; auto
wp_map,http://mamago.local:3000/events/spektakl-fabrichnaya-devchonka,http://mamago.local:3000/minsk/events/spektakl-fabrichnaya-devchonka,event,,wp map; 12 clicks; auto
wp_map,http://mamago.local:3000/events/poehali-i-i-trcz-palazzo-otpravlyaet-v-kosmos,http://mamago.local:3000/minsk/events/poehali-i-i-trcz-palazzo-otpravlyaet-v-kosmos,event,,wp map; 12 clicks; auto
wp_map,http://mamago.local:3000/events/prazdnik-ivan-kupala,http://mamago.local:3000/minsk/events/prazdnik-ivan-kupala,event,,wp map; 12 clicks; auto
wp_map,http://mamago.local:3000/events/konczert-programmy-muzykoterapiya-makrokosmos,http://mamago.local:3000/minsk/events/konczert-programmy-muzykoterapiya-makrokosmos,event,,wp map; 12 clicks; auto
wp_map,http://mamago.local:3000/events/kubok-belarusi-po-driftingu-pro2-iii-jetap,http://mamago.local:3000/minsk/events/kubok-belarusi-po-driftingu-pro2-iii-jetap,event,,wp map; 12 clicks; auto
wp_map,http://mamago.local:3000/events/nochnoe-romanticheskoe-shou-love,http://mamago.local:3000/minsk/events/nochnoe-romanticheskoe-shou-love,event,,wp map; 12 clicks; auto
wp_map,http://mamago.local:3000/events/mezhdunarodnyj-festival-cirkovogo-iskusstva,http://mamago.local:3000/minsk/events/mezhdunarodnyj-festival-cirkovogo-iskusstva,event,,wp map; 12 clicks; auto
wp_map,http://mamago.local:3000/events/razvlekatelnaja-programma-vjaselnyja-tradycyi,http://mamago.local:3000/minsk/events/razvlekatelnaja-programma-vjaselnyja-tradycyi,event,,wp map; 12 clicks; auto
wp_map,http://mamago.local:3000/master-classes-fest/solomennyj-kon,http://mamago.local:3000/minsk,master-classes-fest,,wp map; 12 clicks; auto
wp_map,http://mamago.local:3000/age-events/9-12,http://mamago.local:3000/minsk,age-events,,wp map; 12 clicks; auto
wp_map,http://mamago.local:3000/events/spektakl-kot-v-sapogah-2,http://mamago.local:3000/minsk/events/spektakl-kot-v-sapogah-2,event,,wp map; 12 clicks; auto
wp_map,http://mamago.local:3000/events/novogodnij-shhenjachij-patrul,http://mamago.local:3000/minsk/events/novogodnij-shhenjachij-patrul,event,,wp map; 12 clicks; auto
wp_map,http://mamago.local:3000/events/spektakl-krejczerova-sonata,http://mamago.local:3000/minsk/events/spektakl-krejczerova-sonata,event,,wp map; 12 clicks; auto
wp_map,http://mamago.local:3000/events/proekt-dlja-zhenshhin-perenesshie-onkozabolevanie-zhizn-zanovo-organizovan-marinoj-kabadarjan,http://mamago.local:3000/minsk/events/proekt-dlja-zhenshhin-perenesshie-onkozabolevanie-zhizn-zanovo-organizovan-marinoj-kabadarjan,event,,wp map; 12 clicks; auto
wp_map,http://mamago.local:3000/events/spektakl-tot-samyj-mjunhgauzen,http://mamago.local:3000/minsk/events/spektakl-tot-samyj-mjunhgauzen,event,,wp map; 12 clicks; auto
wp_map,http://mamago.local:3000/events/pesochnica-afisha-na-nedelju-22-28-ijulja,http://mamago.local:3000/minsk/events/pesochnica-afisha-na-nedelju-22-28-ijulja,event,,wp map; 12 clicks; auto
wp_map,http://mamago.local:3000/events/holydays/blin-maslenicza-v-eho,http://mamago.local:3000/minsk/events/blin-maslenicza-v-eho,event,,wp map; 12 clicks; auto
wp_map,http://mamago.local:3000/events/vecherinka-lust-dark-kupalo-in-minsk,http://mamago.local:3000/minsk/events/vecherinka-lust-dark-kupalo-in-minsk,event,,wp map; 12 clicks; auto
wp_map,http://mamago.local:3000/events/exhibitions-and-museums/vystavka-rabot-yulii-koba-vkus-zhizni,http://mamago.local:3000/minsk/events/vystavka-rabot-yulii-koba-vkus-zhizni,event,,wp map; 12 clicks; auto
wp_map,http://mamago.local:3000/events/noch-kino-po-motivam-stivena-kinga,http://mamago.local:3000/minsk/events/noch-kino-po-motivam-stivena-kinga,event,,wp map; 12 clicks; auto
wp_map,http://mamago.local:3000/events/kulinarnyj-master-klass-shokoladnoe-pechene,http://mamago.local:3000/minsk/events/kulinarnyj-master-klass-shokoladnoe-pechene,event,,wp map; 12 clicks; auto
wp_map,http://mamago.local:3000/events/specialnaja-programma-noch-pozhiratelej-reklamy-sport-edition,http://mamago.local:3000/minsk/events/specialnaja-programma-noch-pozhiratelej-reklamy-sport-edition,event,,wp map; 11 clicks; auto
wp_map,http://mamago.local:3000/events/spektakl-spyashhaya-krasavicza,http://mamago.local:3000/minsk/events/spektakl-spyashhaya-krasavicza,event,,wp map; 11 clicks; auto
wp_map,http://mamago.local:3000/gde-otmetit-den-rozhdeniya-v-krytom-parke-10-klassnyh-parkov-razvlecheniy-dlya-prazdnika,http://mamago.local:3000/minsk/blog/gde-otmetit-den-rozhdenija-v-krytom-parke-10-klassnyh-parkov-razvlechenij-dlja-prazdnika,article,,wp map; 11 clicks; auto
wp_map,http://mamago.local:3000/events/meroprijatija-nojabrja-v-muzee-zapovednike-nesvizh,http://mamago.local:3000/minsk/events/meroprijatija-nojabrja-v-muzee-zapovednike-nesvizh,event,,wp map; 11 clicks; auto
wp_map,http://mamago.local:3000/festivals,http://mamago.local:3000/minsk/blog/festivals,article,,wp map; 11 clicks; auto
wp_map,http://mamago.local:3000/samaya-bolshaya-chetvyortaya-pugovka-centr,http://mamago.local:3000/minsk/blog/samaya-bolshaya-chetvyortaya-pugovka-centr,article,,wp map; 11 clicks; auto
wp_map,http://mamago.local:3000/events/shou-myuzikl-striptiz-dushi,http://mamago.local:3000/minsk/events/shou-myuzikl-striptiz-dushi,event,,wp map; 11 clicks; auto
wp_map,http://mamago.local:3000/events/vystavka-babochek-porhayushhie-czvety,http://mamago.local:3000/minsk/events/vystavka-babochek-porhayushhie-czvety,event,,wp map; 11 clicks; auto
wp_map,http://mamago.local:3000/events/oktyabrskaya-afisha-v-tcz-senicza,http://mamago.local:3000/minsk/events/oktyabrskaya-afisha-v-tcz-senicza,event,,wp map; 11 clicks; auto
wp_map,http://mamago.local:3000/events/festival-zoo-fest-piknik,http://mamago.local:3000/minsk/events/festival-zoo-fest-piknik,event,,wp map; 11 clicks; auto
wp_map,http://mamago.local:3000/events/maslenicza-v-zagorodnom-klube-festivalnyj,http://mamago.local:3000/minsk/events/maslenicza-v-zagorodnom-klube-festivalnyj,event,,wp map; 11 clicks; auto
wp_map,http://mamago.local:3000/events/10-letie-restorana-druzja-i-koncert-sergeja-bobunca,http://mamago.local:3000/minsk/events/10-letie-restorana-druzja-i-koncert-sergeja-bobunca,event,,wp map; 11 clicks; auto
wp_map,http://mamago.local:3000/events/prazdnik-shhedroj-masleniczy-v-nanosah,http://mamago.local:3000/minsk/events/prazdnik-shhedroj-masleniczy-v-nanosah,event,,wp map; 11 clicks; auto
wp_map,http://mamago.local:3000/events/koncert-volshebnye-melodii-ot-sojuzmultfilma-do-disneja,http://mamago.local:3000/minsk/events/koncert-volshebnye-melodii-ot-sojuzmultfilma-do-disneja,event,,wp map; 11 clicks; auto
wp_map,http://mamago.local:3000/events/den-krasoty-4-0-v-pesochnicze,http://mamago.local:3000/minsk/events/den-krasoty-4-0-v-pesochnicze,event,,wp map; 11 clicks; auto
wp_map,http://mamago.local:3000/events/jubilejnyj-inkljuzivnyj-festival-osobennye-kak-vse,http://mamago.local:3000/minsk/events/jubilejnyj-inkljuzivnyj-festival-osobennye-kak-vse,event,,wp map; 11 clicks; auto
wp_map,http://mamago.local:3000/events/film-neverojatnye-prikljuchenija-drakoshi,http://mamago.local:3000/minsk/events/film-neverojatnye-prikljuchenija-drakoshi,event,,wp map; 11 clicks; auto
wp_map,http://mamago.local:3000/events/luchshaya-ulicza-afisha-na-30-iyunya-6-iyulya,http://mamago.local:3000/minsk/events/luchshaya-ulicza-afisha-na-30-iyunya-6-iyulya,event,,wp map; 11 clicks; auto
wp_map,http://mamago.local:3000/events/konczert-sny-miyadzaki,http://mamago.local:3000/minsk/events/konczert-sny-miyadzaki,event,,wp map; 11 clicks; auto
wp_map,http://mamago.local:3000/events/prazdnik-tradicionnogo-belorusskogo-narjada-v-sule,http://mamago.local:3000/minsk/events/prazdnik-tradicionnogo-belorusskogo-narjada-v-sule,event,,wp map; 11 clicks; auto
wp_map,http://mamago.local:3000/events/dukorskaya-brama,http://mamago.local:3000/minsk/events/dukorskaya-brama,event,,wp map; 11 clicks; auto
wp_map,http://mamago.local:3000/events/gukanne-vyasny-ў-dukorskim-mayontku,http://mamago.local:3000/minsk/events/gukanne-vyasny-ў-dukorskim-mayontku,event,,wp map; 11 clicks; auto
wp_map,http://mamago.local:3000/events/kulinarnye-master-klassy-ot-cafe-de-marie,http://mamago.local:3000/minsk/events/kulinarnye-master-klassy-ot-cafe-de-marie,event,,wp map; 11 clicks; auto
wp_map,http://mamago.local:3000/events/master-klasse-po-kalligrafii,http://mamago.local:3000/minsk/events/master-klasse-po-kalligrafii,event,,wp map; 11 clicks; auto
wp_map,http://mamago.local:3000/events/kulinarnyj-master-klass-kejk-popsy,http://mamago.local:3000/minsk/events/kulinarnyj-master-klass-kejk-popsy,event,,wp map; 11 clicks; auto
wp_map,http://mamago.local:3000/events/master-klassy-dlya-detej/master-klass-pashalnyj-uzor,http://mamago.local:3000/minsk/events/master-klass-pashalnyj-uzor,event,,wp map; 11 clicks; auto
wp_map,http://mamago.local:3000/events/holydays/kupale-na-avgustovskom-kanale,http://mamago.local:3000/minsk/events/kupale-na-avgustovskom-kanale,event,,wp map; 11 clicks; auto
wp_map,http://mamago.local:3000/events/exhibitions-and-museums/vystavka-konvent-tyomnye-materii-indi-hab-2026,http://mamago.local:3000/minsk/events/vystavka-konvent-tyomnye-materii-indi-hab-2026,event,,wp map; 10 clicks; auto
wp_map,http://mamago.local:3000/events/speczialnyj-prazdnichnyj-konczert-gruppy-moya-mishel-ko-dnyu-vseh-vlyublennyh,http://mamago.local:3000/minsk/events/speczialnyj-prazdnichnyj-konczert-gruppy-moya-mishel-ko-dnyu-vseh-vlyublennyh,event,,wp map; 10 clicks; auto
wp_map,http://mamago.local:3000/events/syrnyj-festival-2024,http://mamago.local:3000/minsk/events/syrnyj-festival-2024,event,,wp map; 10 clicks; auto
wp_map,http://mamago.local:3000/events/exhibitions-and-museums/mezhdunarodnaya-vystavka-zootovarov-i-uslug-mirzoo,http://mamago.local:3000/minsk/events/mezhdunarodnaya-vystavka-zootovarov-i-uslug-mirzoo,event,,wp map; 10 clicks; auto
wp_map,http://mamago.local:3000/events/den-goroda-v-grodno,http://mamago.local:3000/minsk/events/den-goroda-v-grodno,event,,wp map; 10 clicks; auto
wp_map,http://mamago.local:3000/events/spektakli-dlya-vzroslyh/spektakl-kozij-ostrov,http://mamago.local:3000/minsk/events/spektakl-kozij-ostrov,event,,wp map; 10 clicks; auto
wp_map,http://mamago.local:3000/events/prazdnik-kupale-v-ag-aleksandrii,http://mamago.local:3000/minsk/events/prazdnik-kupale-v-ag-aleksandrii,event,,wp map; 10 clicks; auto
wp_map,http://mamago.local:3000/events/rozhdestvenskij-vintazhnyj-market,http://mamago.local:3000/minsk/events/rozhdestvenskij-vintazhnyj-market,event,,wp map; 10 clicks; auto
wp_map,http://mamago.local:3000/events/spektakl-morozko,http://mamago.local:3000/minsk/events/spektakl-morozko,event,,wp map; 10 clicks; auto
wp_map,http://mamago.local:3000/events/dom-rozhdestva-interaktivnoe-prostranstvo-dlya-detej,http://mamago.local:3000/minsk/events/dom-rozhdestva-interaktivnoe-prostranstvo-dlya-detej,event,,wp map; 10 clicks; auto
wp_map,http://mamago.local:3000/events/itogi-konkursa-yunyh-hudozhnikov-minsk-v-kotorom-ya-zhivu,http://mamago.local:3000/minsk/events/itogi-konkursa-yunyh-hudozhnikov-minsk-v-kotorom-ya-zhivu,event,,wp map; 10 clicks; auto
wp_map,http://mamago.local:3000/events/vystavka-postscriptum-art-minsk,http://mamago.local:3000/minsk/events/vystavka-postscriptum-art-minsk,event,,wp map; 10 clicks; auto
wp_map,http://mamago.local:3000/events/rezidencziya-deda-moroza-v-silichah,http://mamago.local:3000/minsk/events/rezidencziya-deda-moroza-v-silichah,event,,wp map; 10 clicks; auto
wp_map,http://mamago.local:3000/events/semejnyj-prazdnik-kosmostar,http://mamago.local:3000/minsk/events/semejnyj-prazdnik-kosmostar,event,,wp map; 10 clicks; auto
wp_map,http://mamago.local:3000/events/peshehodnye-jekskursii-po-minsku-s-trc-galleria-2,http://mamago.local:3000/minsk/events/peshehodnye-jekskursii-po-minsku-s-trc-galleria-2,event,,wp map; 10 clicks; auto
wp_map,http://mamago.local:3000/events/otkrytaja-masshtabnaja-diskoteka-diskohit,http://mamago.local:3000/minsk/events/otkrytaja-masshtabnaja-diskoteka-diskohit,event,,wp map; 10 clicks; auto
wp_map,http://mamago.local:3000/events/prazdnichnaya-shou-programma-devichnik,http://mamago.local:3000/minsk/events/prazdnichnaya-shou-programma-devichnik,event,,wp map; 10 clicks; auto
wp_map,http://mamago.local:3000/events/master-klassy-dlya-detej/prazdnichnaya-yarmarka-gukanne-vyasny,http://mamago.local:3000/minsk/events/prazdnichnaya-yarmarka-gukanne-vyasny,event,,wp map; 10 clicks; auto
wp_map,http://mamago.local:3000/events/beldzhi-junison-belaz-i-drugie-bolshaja-vystavka-tehniki,http://mamago.local:3000/minsk/events/beldzhi-junison-belaz-i-drugie-bolshaja-vystavka-tehniki,event,,wp map; 10 clicks; auto
wp_map,http://mamago.local:3000/events/vystavka-postscriptum-vystavka-pobeditelej-osennego-salona-s-belgazprombankom-2024,http://mamago.local:3000/minsk/events/vystavka-postscriptum-vystavka-pobeditelej-osennego-salona-s-belgazprombankom-2024,event,,wp map; 10 clicks; auto
wp_map,http://mamago.local:3000/events/detskij-festival-shkola-vyzhivanija,http://mamago.local:3000/minsk/events/detskij-festival-shkola-vyzhivanija,event,,wp map; 10 clicks; auto
wp_map,http://mamago.local:3000/events/spektakl-kot-v-sapogah-3,http://mamago.local:3000/minsk/events/spektakl-kot-v-sapogah-3,event,,wp map; 10 clicks; auto
wp_map,http://mamago.local:3000/events/muzykalnaja-programma-vechernie-garmonii,http://mamago.local:3000/minsk/events/muzykalnaja-programma-vechernie-garmonii,event,,wp map; 10 clicks; auto
wp_map,http://mamago.local:3000/events/vecher-klassicheskogo-saksofona,http://mamago.local:3000/minsk/events/vecher-klassicheskogo-saksofona,event,,wp map; 10 clicks; auto
wp_map,http://mamago.local:3000/events/oktjabrskij-specvypusk-peshehodnoj-jekskursii-minsk-v-zhenskih-obrazah,http://mamago.local:3000/minsk/events/oktjabrskij-specvypusk-peshehodnoj-jekskursii-minsk-v-zhenskih-obrazah,event,,wp map; 10 clicks; auto
wp_map,http://mamago.local:3000/events/exhibitions-and-museums/vystavka-pevchie-i-dekorativnye-pticzy,http://mamago.local:3000/minsk/events/vystavka-pevchie-i-dekorativnye-pticzy,event,,wp map; 10 clicks; auto
wp_map,http://mamago.local:3000/events/prazdnichnyj-festival-3-iyulya,http://mamago.local:3000/minsk/events/prazdnichnyj-festival-3-iyulya,event,,wp map; 10 clicks; auto
wp_map,http://mamago.local:3000/events/rozhdestvenskij-branch-v-restorane-oazis,http://mamago.local:3000/minsk/events/rozhdestvenskij-branch-v-restorane-oazis,event,,wp map; 10 clicks; auto
wp_map,http://mamago.local:3000/hb-programs/akva-kvest-v-den-rozhdenija,http://mamago.local:3000/minsk,hb-programs,,wp map; 10 clicks; auto
wp_map,http://mamago.local:3000/events/tematicheskaja-vecherinka-v-chest-hjellouina-i-dnja-rozhdenija-flash-park,http://mamago.local:3000/minsk/events/tematicheskaja-vecherinka-v-chest-hjellouina-i-dnja-rozhdenija-flash-park,event,,wp map; 10 clicks; auto
wp_map,http://mamago.local:3000/events/mezhdunarodnyj-den-pozhilyh-lyudej-v-zooparke,http://mamago.local:3000/minsk/events/mezhdunarodnyj-den-pozhilyh-lyudej-v-zooparke,event,,wp map; 10 clicks; auto
wp_map,http://mamago.local:3000/events/detskij-festival-bolshaya-peremena,http://mamago.local:3000/minsk/events/detskij-festival-bolshaya-peremena,event,,wp map; 10 clicks; auto
wp_map,http://mamago.local:3000/events/festival-art-ot-belkart,http://mamago.local:3000/minsk/events/festival-art-ot-belkart,event,,wp map; 10 clicks; auto
wp_map,http://mamago.local:3000/events/semejnyj-festival,http://mamago.local:3000/minsk/events/semejnyj-festival,event,,wp map; 10 clicks; auto
wp_map,http://mamago.local:3000/events/lekcziya-aleny-gonchar-baruh-spinoza-svoboda-kak-osoznannaya-neobhodimost,http://mamago.local:3000/minsk/events/lekcziya-aleny-gonchar-baruh-spinoza-svoboda-kak-osoznannaya-neobhodimost,event,,wp map; 10 clicks; auto
wp_map,http://mamago.local:3000/events/animacionnaja-vecherinka-s-kuromi,http://mamago.local:3000/minsk/events/animacionnaja-vecherinka-s-kuromi,event,,wp map; 10 clicks; auto
wp_map,http://mamago.local:3000/events/otkrytiya-kulturnogo-prostranstva-eho-nochnaya-chast,http://mamago.local:3000/minsk/events/otkrytiya-kulturnogo-prostranstva-eho-nochnaya-chast,event,,wp map; 10 clicks; auto
wp_map,http://mamago.local:3000/events/master-klassy-dlya-vzroslyh/master-klass-kollazhi,http://mamago.local:3000/minsk/events/master-klass-kollazhi,event,,wp map; 10 clicks; auto
wp_map,http://mamago.local:3000/novogodnie-fotozony-minska-40-fotozon-i-40-idej-pochemu-stoit-tuda-shodit,http://mamago.local:3000/minsk/blog/novogodnie-fotozony-minska-40-fotozon-i-40-idej-pochemu-stoit-tuda-shodit,article,,wp map; 10 clicks; auto
wp_map,http://mamago.local:3000/events/badminton-s-a1-v-pesochnicze,http://mamago.local:3000/minsk/events/badminton-s-a1-v-pesochnicze,event,,wp map; 10 clicks; auto
wp_map,http://mamago.local:3000/uslugi/papa-pek,http://mamago.local:3000/minsk,uslugi,,wp map; 9 clicks; auto
wp_map,http://mamago.local:3000/events/festival-oblaka-moloka,http://mamago.local:3000/minsk/events/festival-oblaka-moloka,event,,wp map; 9 clicks; auto
wp_map,http://mamago.local:3000/events/konferencziya-bez-vody,http://mamago.local:3000/minsk/events/konferencziya-bez-vody,event,,wp map; 9 clicks; auto
wp_map,http://mamago.local:3000/breakingnews/novyj-kinoteatr-v-stile-geroev,http://mamago.local:3000/blog/novyj-kinoteatr-v-stile-geroev,breakingnews,,wp map; 9 clicks; auto
wp_map,http://mamago.local:3000/events/multfilm-moana-2,http://mamago.local:3000/minsk/events/multfilm-moana-2,event,,wp map; 9 clicks; auto
wp_map,http://mamago.local:3000/events/multfilm-golovolomka-2,http://mamago.local:3000/minsk/events/multfilm-golovolomka-2,event,,wp map; 9 clicks; auto
wp_map,http://mamago.local:3000/events/yarmarka-masterov-craft-fair,http://mamago.local:3000/minsk/events/yarmarka-masterov-craft-fair,event,,wp map; 9 clicks; auto
wp_map,http://mamago.local:3000/uslugi,http://mamago.local:3000/minsk,uslugi,,wp map; 9 clicks; auto
wp_map,http://mamago.local:3000/events/kupalle-u-sule,http://mamago.local:3000/minsk/events/kupalle-u-sule,event,,wp map; 9 clicks; auto
wp_map,http://mamago.local:3000/specialists/borovik-nikolaj,http://mamago.local:3000/minsk,specialists,,wp map; 9 clicks; auto
wp_map,http://mamago.local:3000/anturazhnyy-restoran-galereya-mesto-pro-emocii,http://mamago.local:3000/minsk/blog/anturazhnyy-restoran-galereya-mesto-pro-emocii,article,,wp map; 9 clicks; auto
wp_map,http://mamago.local:3000/chem-zanyatsya-v-bolshie-vyhodnye,http://mamago.local:3000/minsk/blog/chem-zanyatsya-v-bolshie-vyhodnye,article,,wp map; 9 clicks; auto
wp_map,http://mamago.local:3000/events/vystavka-indijskoj-hrizantemy-czvetok-solncza,http://mamago.local:3000/minsk/events/vystavka-indijskoj-hrizantemy-czvetok-solncza,event,,wp map; 9 clicks; auto
wp_map,http://mamago.local:3000/events/cvyata-kupalle-ў-azyarczy,http://mamago.local:3000/minsk/events/cvyata-kupalle-ў-azyarczy,event,,wp map; 9 clicks; auto
wp_map,http://mamago.local:3000/events/tiktok-vecherinka-v-minske-31-oktyabrya,http://mamago.local:3000/minsk/events/tiktok-vecherinka-v-minske-31-oktyabrya,event,,wp map; 9 clicks; auto
wp_map,http://mamago.local:3000/events/festival-motalskiya-prysmaki,http://mamago.local:3000/minsk/events/festival-motalskiya-prysmaki,event,,wp map; 9 clicks; auto
wp_map,http://mamago.local:3000/events/spektakl-knyazhna-meri,http://mamago.local:3000/minsk/events/spektakl-knyazhna-meri,event,,wp map; 9 clicks; auto
wp_map,http://mamago.local:3000/events/letnyaya-aktivnaya-razvlekatelnaya-zagorodnaya-programma-2026-aktiv-polis-na-baze-sanatoriya,http://mamago.local:3000/minsk/events/letnyaya-aktivnaya-razvlekatelnaya-zagorodnaya-programma-2026-aktiv-polis-na-baze-sanatoriya,event,,wp map; 9 clicks; auto
wp_map,http://mamago.local:3000/breakingnews/besplatnaya-gorka-dlya-tyubinga,http://mamago.local:3000/blog/besplatnaya-gorka-dlya-tyubinga,breakingnews,,wp map; 9 clicks; auto
wp_map,http://mamago.local:3000/events/mamahouse-club-afisha-na-dekabr,http://mamago.local:3000/minsk/events/mamahouse-club-afisha-na-dekabr,event,,wp map; 9 clicks; auto
wp_map,http://mamago.local:3000/breakingnews/samaya-bezopasnaya-igrovaya-v-minske-otkrytie-21-marta,http://mamago.local:3000/blog/samaya-bezopasnaya-igrovaya-v-minske-otkrytie-21-marta,breakingnews,,wp map; 9 clicks; auto
wp_map,http://mamago.local:3000/events/semejnyj-prazdnik-popkornfest,http://mamago.local:3000/minsk/events/semejnyj-prazdnik-popkornfest,event,,wp map; 9 clicks; auto
wp_map,http://mamago.local:3000/events/teatralnoe-utro-dlya-vsej-semi,http://mamago.local:3000/minsk/events/teatralnoe-utro-dlya-vsej-semi,event,,wp map; 9 clicks; auto
wp_map,http://mamago.local:3000/events/vecherinka-happy-halloween,http://mamago.local:3000/minsk/events/vecherinka-happy-halloween,event,,wp map; 9 clicks; auto
wp_map,http://mamago.local:3000/events/blagotvoritelnyj-festival-ohana,http://mamago.local:3000/minsk/events/blagotvoritelnyj-festival-ohana,event,,wp map; 9 clicks; auto
wp_map,http://mamago.local:3000/specialists/karachun-ekaterina,http://mamago.local:3000/minsk,specialists,,wp map; 9 clicks; auto
wp_map,http://mamago.local:3000/events/iv-respublikanskaya-akcziya-vandruj-adchuj-nathnyajsya,http://mamago.local:3000/minsk/events/iv-respublikanskaya-akcziya-vandruj-adchuj-nathnyajsya,event,,wp map; 9 clicks; auto
wp_map,http://mamago.local:3000/events/pervaya-dj-vecherinka-v-2025-godu,http://mamago.local:3000/minsk/events/pervaya-dj-vecherinka-v-2025-godu,event,,wp map; 9 clicks; auto
wp_map,http://mamago.local:3000/uslugi/presenty-by-anna-tishhenko,http://mamago.local:3000/minsk,uslugi,,wp map; 9 clicks; auto
wp_map,http://mamago.local:3000/events/kulinarnyj-master-klass-domashnee-kurabe,http://mamago.local:3000/minsk/events/kulinarnyj-master-klass-domashnee-kurabe,event,,wp map; 9 clicks; auto
wp_map,http://mamago.local:3000/events/konczert-klassika-bez-granicz-moczart,http://mamago.local:3000/minsk/events/konczert-klassika-bez-granicz-moczart,event,,wp map; 9 clicks; auto
wp_map,http://mamago.local:3000/events/master-klass-po-izgotovleniyu-kukly-motanki-ot-teatra-kukol,http://mamago.local:3000/minsk/events/master-klass-po-izgotovleniyu-kukly-motanki-ot-teatra-kukol,event,,wp map; 9 clicks; auto
wp_map,http://mamago.local:3000/events/zumba-party-zumba-pati,http://mamago.local:3000/minsk/events/zumba-party-zumba-pati,event,,wp map; 9 clicks; auto
wp_map,http://mamago.local:3000/events/rakuczyouskae-leta-svyata-paezii-i-pesniy,http://mamago.local:3000/minsk/events/rakuczyouskae-leta-svyata-paezii-i-pesniy,event,,wp map; 9 clicks; auto
wp_map,http://mamago.local:3000/breakingnews/samaya-izyskannaya-vesennyaya-fotozona,http://mamago.local:3000/blog/samaya-izyskannaya-vesennyaya-fotozona,breakingnews,,wp map; 9 clicks; auto
wp_map,http://mamago.local:3000/events/blagotvoritelnaja-akcija-pushistogo-dobra,http://mamago.local:3000/minsk/events/blagotvoritelnaja-akcija-pushistogo-dobra,event,,wp map; 9 clicks; auto
wp_map,http://mamago.local:3000/events/концерт-в-темноте-однажды-в-париже,http://mamago.local:3000/minsk/events/концерт-в-темноте-однажды-в-париже,event,,wp map; 9 clicks; auto
wp_map,http://mamago.local:3000/events/film-missiya-krasnyj,http://mamago.local:3000/minsk/events/film-missiya-krasnyj,event,,wp map; 8 clicks; auto
wp_map,http://mamago.local:3000/events/tachki,http://mamago.local:3000/minsk/events/tachki,event,,wp map; 8 clicks; auto
wp_map,http://mamago.local:3000/events/spektakl-myshelovka-2,http://mamago.local:3000/minsk/events/spektakl-myshelovka-2,event,,wp map; 8 clicks; auto
wp_map,http://mamago.local:3000/events/vystavka-art-minsk,http://mamago.local:3000/minsk/events/vystavka-art-minsk,event,,wp map; 8 clicks; auto
wp_map,http://mamago.local:3000/events/kupale-v-ekoparke-akvarel,http://mamago.local:3000/minsk/events/kupale-v-ekoparke-akvarel,event,,wp map; 8 clicks; auto
wp_map,http://mamago.local:3000/events/shok-konferencziya,http://mamago.local:3000/minsk/events/shok-konferencziya,event,,wp map; 8 clicks; auto
wp_map,http://mamago.local:3000/events/vystavka-yaponskih-avto-i-moto-japlane,http://mamago.local:3000/minsk/events/vystavka-yaponskih-avto-i-moto-japlane,event,,wp map; 8 clicks; auto
wp_map,http://mamago.local:3000/novogodnij-marshrut-semejnoj-progulki,http://mamago.local:3000/minsk/blog/novogodnij-marshrut-semejnoj-progulki,article,,wp map; 8 clicks; auto
wp_map,http://mamago.local:3000/events/vystavka-elektro-2025,http://mamago.local:3000/minsk/events/vystavka-elektro-2025,event,,wp map; 8 clicks; auto
wp_map,http://mamago.local:3000/events/skazka-czarevna-lyagushka,http://mamago.local:3000/minsk/events/skazka-czarevna-lyagushka,event,,wp map; 8 clicks; auto
wp_map,http://mamago.local:3000/events/market/bolshoj-modnyj-market-2,http://mamago.local:3000/minsk/events/bolshoj-modnyj-market-2,event,,wp map; 8 clicks; auto
wp_map,http://mamago.local:3000/events/master-klass-dlja-detej-tesla-shou,http://mamago.local:3000/minsk/events/master-klass-dlja-detej-tesla-shou,event,,wp map; 8 clicks; auto
wp_map,http://mamago.local:3000/detskie-mesta/bouling,http://mamago.local:3000/minsk,place-category,,wp map; 8 clicks; auto
wp_map,http://mamago.local:3000/events/muzykalnyj-spektakl-priklyucheniya-bremenskih-muzykantov,http://mamago.local:3000/minsk/events/muzykalnyj-spektakl-priklyucheniya-bremenskih-muzykantov,event,,wp map; 8 clicks; auto
wp_map,http://mamago.local:3000/events/eksklyuzivnaya-ekskursiya-v-mirskom-zamke,http://mamago.local:3000/minsk/events/eksklyuzivnaya-ekskursiya-v-mirskom-zamke,event,,wp map; 8 clicks; auto
wp_map,http://mamago.local:3000/events/vintazhnyj-market-vintage-lovers-weekend,http://mamago.local:3000/minsk/events/vintazhnyj-market-vintage-lovers-weekend,event,,wp map; 8 clicks; auto
wp_map,http://mamago.local:3000/events/spektakl-trolli-novogodnee-chudo-v-dome-moskvy,http://mamago.local:3000/minsk/events/spektakl-trolli-novogodnee-chudo-v-dome-moskvy,event,,wp map; 8 clicks; auto
wp_map,http://mamago.local:3000/events/v-a-moczart-volshebnaya-flejta-opera-v-2-dejstviyah,http://mamago.local:3000/minsk/events/v-a-moczart-volshebnaya-flejta-opera-v-2-dejstviyah,event,,wp map; 8 clicks; auto
wp_map,http://mamago.local:3000/events/kolor-fest-na-privale,http://mamago.local:3000/minsk/events/kolor-fest-na-privale,event,,wp map; 8 clicks; auto
wp_map,http://mamago.local:3000/chem-zanyatsya-v-ostatok-kanikul-i-gde-otprazdnovat-rozhdestvo,http://mamago.local:3000/minsk/blog/chem-zanyatsya-v-ostatok-kanikul-i-gde-otprazdnovat-rozhdestvo,article,,wp map; 8 clicks; auto
wp_map,http://mamago.local:3000/events/shou-programma-noch-pozhiratelej-reklamy-2024,http://mamago.local:3000/minsk/events/shou-programma-noch-pozhiratelej-reklamy-2024,event,,wp map; 8 clicks; auto
wp_map,http://mamago.local:3000/events/vystavochnyj-proekt-renessans-beskonechnoe-vdohnovenie,http://mamago.local:3000/minsk/events/vystavochnyj-proekt-renessans-beskonechnoe-vdohnovenie,event,,wp map; 8 clicks; auto
wp_map,http://mamago.local:3000/events/kino-weekend-pod-otkrytym-nebom-romantic-collection,http://mamago.local:3000/minsk/events/kino-weekend-pod-otkrytym-nebom-romantic-collection,event,,wp map; 8 clicks; auto
wp_map,http://mamago.local:3000/events/konczert-odisseya-kosmicheskij-pejzazh,http://mamago.local:3000/minsk/events/konczert-odisseya-kosmicheskij-pejzazh,event,,wp map; 8 clicks; auto
wp_map,http://mamago.local:3000/events/konkursy/it-turnir-red-cup-2026,http://mamago.local:3000/minsk/events/it-turnir-red-cup-2026,event,,wp map; 8 clicks; auto
wp_map,http://mamago.local:3000/events/art-piknik-na-hvalyah-nemana,http://mamago.local:3000/minsk/events/art-piknik-na-hvalyah-nemana,event,,wp map; 8 clicks; auto
wp_map,http://mamago.local:3000/events/festival-srednevekovja-zadora,http://mamago.local:3000/minsk/events/festival-srednevekovja-zadora,event,,wp map; 8 clicks; auto
wp_map,http://mamago.local:3000/events/grand-muzloto,http://mamago.local:3000/minsk/events/grand-muzloto,event,,wp map; 8 clicks; auto
wp_map,http://mamago.local:3000/events/kreshhenskie-kupaniya-v-rczop-po-vodnolyzhnomu-sportu,http://mamago.local:3000/minsk/events/kreshhenskie-kupaniya-v-rczop-po-vodnolyzhnomu-sportu,event,,wp map; 8 clicks; auto
wp_map,http://mamago.local:3000/events/semejnye-kinovechera-u-trc-titan,http://mamago.local:3000/minsk/events/semejnye-kinovechera-u-trc-titan,event,,wp map; 8 clicks; auto
wp_map,http://mamago.local:3000/events/prednovogode-v-eho,http://mamago.local:3000/minsk/events/prednovogode-v-eho,event,,wp map; 8 clicks; auto
wp_map,http://mamago.local:3000/events/voenno-istoricheskaya-rekonstrukcziya,http://mamago.local:3000/minsk/events/voenno-istoricheskaya-rekonstrukcziya,event,,wp map; 8 clicks; auto
wp_map,http://mamago.local:3000/ads-tools,http://mamago.local:3000/minsk/blog/ads-tools,article,,wp map; 8 clicks; auto
wp_map,http://mamago.local:3000/events/interaktivnaya-programma-v-tcz-pershy-naczyyanalny-gandlyovy-dom,http://mamago.local:3000/minsk/events/interaktivnaya-programma-v-tcz-pershy-naczyyanalny-gandlyovy-dom,event,,wp map; 8 clicks; auto
wp_map,http://mamago.local:3000/events/detskie-spektakli/myuzikl-skazka-din-don-ya-vasha-mama,http://mamago.local:3000/minsk/events/myuzikl-skazka-din-don-ya-vasha-mama,event,,wp map; 8 clicks; auto
wp_map,http://mamago.local:3000/breakingnews/usadba-na-dnepro-bugskom-kanale,http://mamago.local:3000/blog/usadba-na-dnepro-bugskom-kanale,breakingnews,,wp map; 8 clicks; auto
wp_map,http://mamago.local:3000/events/master-klassy-dlya-detej/master-klass-po-izgotovleniyu-dekorativnyh-svechej,http://mamago.local:3000/minsk/events/master-klass-po-izgotovleniyu-dekorativnyh-svechej,event,,wp map; 8 clicks; auto
wp_map,http://mamago.local:3000/events/blagotvoritelnaya-vstrecha-dobro-v-lapah,http://mamago.local:3000/minsk/events/blagotvoritelnaya-vstrecha-dobro-v-lapah,event,,wp map; 8 clicks; auto
wp_map,http://mamago.local:3000/events/detskij-master-klass-moti-klubnika-vanil,http://mamago.local:3000/minsk/events/detskij-master-klass-moti-klubnika-vanil,event,,wp map; 8 clicks; auto
wp_map,http://mamago.local:3000/events/oktyabrskie-kinovechera-na-proektore,http://mamago.local:3000/minsk/events/oktyabrskie-kinovechera-na-proektore,event,,wp map; 8 clicks; auto
wp_map,http://mamago.local:3000/events/akczyya-vandroўka-ў-minulae-belaruskae-vyaselle,http://mamago.local:3000/minsk/events/akczyya-vandroўka-ў-minulae-belaruskae-vyaselle,event,,wp map; 8 clicks; auto
wp_map,http://mamago.local:3000/events/festival-nauki-scifest-skifest,http://mamago.local:3000/minsk/events/festival-nauki-scifest-skifest,event,,wp map; 8 clicks; auto
